Layer,Threshold,ThresholdLabel,Date,DailyNetTWD,DailyLongTWD,DailyShortTWD,CumNetTWD,CumLongTWD,CumShortTWD
小台日盤 比例,0.5,勝率 > 50%,20200227,292.0,0.0,292.0,292.0,0.0,292.0
小台日盤 比例,0.5,勝率 > 50%,20200312,-52.0,1122.0,-1174.0,240.0,1122.0,-882.0
小台日盤 比例,0.5,勝率 > 50%,20200313,4468.0,3716.0,752.0,4708.0,4838.0,-130.0
小台日盤 比例,0.5,勝率 > 50%,20200316,802.0,0.0,802.0,5510.0,4838.0,672.0
小台日盤 比例,0.5,勝率 > 50%,20200317,5078.0,3612.0,1466.0,10588.0,8450.0,2138.0
小台日盤 比例,0.5,勝率 > 50%,20200318,-1824.0,246.0,-2070.0,8764.0,8696.0,68.0
小台日盤 比例,0.5,勝率 > 50%,20200319,1606.0,4909.0,-3303.0,10370.0,13605.0,-3235.0
小台日盤 比例,0.5,勝率 > 50%,20200320,5466.0,4760.0,706.0,15836.0,18365.0,-2529.0
小台日盤 比例,0.5,勝率 > 50%,20200323,-2894.0,-3824.0,930.0,12942.0,14541.0,-1599.0
小台日盤 比例,0.5,勝率 > 50%,20200324,488.0,842.0,-354.0,13430.0,15383.0,-1953.0
小台日盤 比例,0.5,勝率 > 50%,20200326,480.0,340.0,140.0,13910.0,15723.0,-1813.0
小台日盤 比例,0.5,勝率 > 50%,20200327,38.0,-656.0,694.0,13948.0,15067.0,-1119.0
小台日盤 比例,0.5,勝率 > 50%,20200330,72.0,-8.0,80.0,14020.0,15059.0,-1039.0
小台日盤 比例,0.5,勝率 > 50%,20200331,394.0,0.0,394.0,14414.0,15059.0,-645.0
小台日盤 比例,0.5,勝率 > 50%,20200406,-256.0,0.0,-256.0,14158.0,15059.0,-901.0
小台日盤 比例,0.5,勝率 > 50%,20200407,-12.0,144.0,-156.0,14146.0,15203.0,-1057.0
小台日盤 比例,0.5,勝率 > 50%,20200409,-106.0,0.0,-106.0,14040.0,15203.0,-1163.0
小台日盤 比例,0.5,勝率 > 50%,20200423,-268.0,0.0,-268.0,13772.0,15203.0,-1431.0
小台日盤 比例,0.5,勝率 > 50%,20200427,144.0,144.0,0.0,13916.0,15347.0,-1431.0
小台日盤 比例,0.5,勝率 > 50%,20200504,42.0,42.0,0.0,13958.0,15389.0,-1431.0
小台日盤 比例,0.5,勝率 > 50%,20200623,92.0,92.0,0.0,14050.0,15481.0,-1431.0
小台日盤 比例,0.5,勝率 > 50%,20200728,452.0,0.0,452.0,14502.0,15481.0,-979.0
小台日盤 比例,0.5,勝率 > 50%,20200820,400.0,-130.0,530.0,14902.0,15351.0,-449.0
小台日盤 比例,0.5,勝率 > 50%,20200828,188.0,0.0,188.0,15090.0,15351.0,-261.0
小台日盤 比例,0.5,勝率 > 50%,20200909,-570.0,0.0,-570.0,14520.0,15351.0,-831.0
小台日盤 比例,0.5,勝率 > 50%,20201221,686.0,0.0,686.0,15206.0,15351.0,-145.0
小台日盤 比例,0.5,勝率 > 50%,20210106,-182.0,-116.0,-66.0,15024.0,15235.0,-211.0
小台日盤 比例,0.5,勝率 > 50%,20210118,584.0,584.0,0.0,15608.0,15819.0,-211.0
小台日盤 比例,0.5,勝率 > 50%,20210125,114.0,0.0,114.0,15722.0,15819.0,-97.0
小台日盤 比例,0.5,勝率 > 50%,20210217,164.0,164.0,0.0,15886.0,15983.0,-97.0
小台日盤 比例,0.5,勝率 > 50%,20210222,30.0,30.0,0.0,15916.0,16013.0,-97.0
小台日盤 比例,0.5,勝率 > 50%,20210426,80.0,80.0,0.0,15996.0,16093.0,-97.0
小台日盤 比例,0.5,勝率 > 50%,20210504,3270.0,-290.0,3560.0,19266.0,15803.0,3463.0
小台日盤 比例,0.5,勝率 > 50%,20210511,2082.0,2082.0,0.0,21348.0,17885.0,3463.0
小台日盤 比例,0.5,勝率 > 50%,20210512,33602.0,17560.0,16042.0,54950.0,35445.0,19505.0
小台日盤 比例,0.5,勝率 > 50%,20210513,4968.0,1658.0,3310.0,59918.0,37103.0,22815.0
小台日盤 比例,0.5,勝率 > 50%,20210514,2696.0,2696.0,0.0,62614.0,39799.0,22815.0
小台日盤 比例,0.5,勝率 > 50%,20210517,5632.0,3498.0,2134.0,68246.0,43297.0,24949.0
小台日盤 比例,0.5,勝率 > 50%,20210518,2356.0,1260.0,1096.0,70602.0,44557.0,26045.0
小台日盤 比例,0.5,勝率 > 50%,20210519,-486.0,0.0,-486.0,70116.0,44557.0,25559.0
小台日盤 比例,0.5,勝率 > 50%,20210520,2014.0,0.0,2014.0,72130.0,44557.0,27573.0
小台日盤 比例,0.5,勝率 > 50%,20210521,360.0,0.0,360.0,72490.0,44557.0,27933.0
小台日盤 比例,0.5,勝率 > 50%,20210607,-8930.0,0.0,-8930.0,63560.0,44557.0,19003.0
小台日盤 比例,0.5,勝率 > 50%,20210701,-122.0,0.0,-122.0,63438.0,44557.0,18881.0
小台日盤 比例,0.5,勝率 > 50%,20210707,78.0,0.0,78.0,63516.0,44557.0,18959.0
小台日盤 比例,0.5,勝率 > 50%,20210728,-800.0,910.0,-1710.0,62716.0,45467.0,17249.0
小台日盤 比例,0.5,勝率 > 50%,20210820,-768.0,0.0,-768.0,61948.0,45467.0,16481.0
小台日盤 比例,0.5,勝率 > 50%,20210823,30.0,30.0,0.0,61978.0,45497.0,16481.0
小台日盤 比例,0.5,勝率 > 50%,20220107,-772.0,0.0,-772.0,61206.0,45497.0,15709.0
小台日盤 比例,0.5,勝率 > 50%,20220704,1622.0,486.0,1136.0,62828.0,45983.0,16845.0
小台日盤 比例,0.5,勝率 > 50%,20220705,672.0,0.0,672.0,63500.0,45983.0,17517.0
小台日盤 比例,0.5,勝率 > 50%,20220706,86.0,0.0,86.0,63586.0,45983.0,17603.0
小台日盤 比例,0.5,勝率 > 50%,20220708,-142.0,0.0,-142.0,63444.0,45983.0,17461.0
小台日盤 比例,0.5,勝率 > 50%,20221017,-362.0,-362.0,0.0,63082.0,45621.0,17461.0
小台日盤 比例,0.5,勝率 > 50%,20230731,130.0,0.0,130.0,63212.0,45621.0,17591.0
小台日盤 比例,0.5,勝率 > 50%,20240419,-100.0,1152.0,-1252.0,63112.0,46773.0,16339.0
小台日盤 比例,0.5,勝率 > 50%,20240520,822.0,0.0,822.0,63934.0,46773.0,17161.0
小台日盤 比例,0.5,勝率 > 50%,20240718,-1782.0,-1782.0,0.0,62152.0,44991.0,17161.0
小台日盤 比例,0.5,勝率 > 50%,20240722,-1544.0,-1544.0,0.0,60608.0,43447.0,17161.0
小台日盤 比例,0.5,勝率 > 50%,20240726,520.0,520.0,0.0,61128.0,43967.0,17161.0
小台日盤 比例,0.5,勝率 > 50%,20240805,6840.0,748.0,6092.0,67968.0,44715.0,23253.0
小台日盤 比例,0.5,勝率 > 50%,20240806,10808.0,996.0,9812.0,78776.0,45711.0,33065.0
小台日盤 比例,0.5,勝率 > 50%,20240807,1766.0,1394.0,372.0,80542.0,47105.0,33437.0
小台日盤 比例,0.5,勝率 > 50%,20240808,-462.0,-2428.0,1966.0,80080.0,44677.0,35403.0
小台日盤 比例,0.5,勝率 > 50%,20240809,122.0,0.0,122.0,80202.0,44677.0,35525.0
小台日盤 比例,0.5,勝率 > 50%,20240904,1244.0,22.0,1222.0,81446.0,44699.0,36747.0
小台日盤 比例,0.5,勝率 > 50%,20240906,22.0,22.0,0.0,81468.0,44721.0,36747.0
小台日盤 比例,0.5,勝率 > 50%,20240912,-430.0,-430.0,0.0,81038.0,44291.0,36747.0
小台日盤 比例,0.5,勝率 > 50%,20241106,486.0,418.0,68.0,81524.0,44709.0,36815.0
小台日盤 比例,0.5,勝率 > 50%,20250311,-1130.0,-1130.0,0.0,80394.0,43579.0,36815.0
小台日盤 比例,0.5,勝率 > 50%,20250408,4066.0,1034.0,3032.0,84460.0,44613.0,39847.0
小台日盤 比例,0.5,勝率 > 50%,20250409,12487.0,1935.0,10552.0,96947.0,46548.0,50399.0
小台日盤 比例,0.5,勝率 > 50%,20250411,2010.0,382.0,1628.0,98957.0,46930.0,52027.0
小台日盤 比例,0.5,勝率 > 50%,20250506,-1026.0,0.0,-1026.0,97931.0,46930.0,51001.0
小台日盤 比例,0.5,勝率 > 50%,20250613,-680.0,-680.0,0.0,97251.0,46250.0,51001.0
小台日盤 比例,0.5,勝率 > 50%,20260202,-2050.0,0.0,-2050.0,95201.0,46250.0,48951.0
小台日盤 比例,0.5,勝率 > 50%,20260302,-3456.0,0.0,-3456.0,91745.0,46250.0,45495.0
小台日盤 比例,0.5,勝率 > 50%,20260304,1088.0,7896.0,-6808.0,92833.0,54146.0,38687.0
小台日盤 比例,0.5,勝率 > 50%,20260309,-346.0,-1750.0,1404.0,92487.0,52396.0,40091.0
小台日盤 比例,0.5,勝率 > 50%,20260310,1348.0,748.0,600.0,93835.0,53144.0,40691.0
小台日盤 比例,0.5,勝率 > 50%,20260311,2296.0,0.0,2296.0,96131.0,53144.0,42987.0
小台日盤 比例,0.5,勝率 > 50%,20260316,-1204.0,0.0,-1204.0,94927.0,53144.0,41783.0
小台日盤 比例,0.5,勝率 > 50%,20260330,600.0,600.0,0.0,95527.0,53744.0,41783.0
小台日盤 比例,0.5,勝率 > 50%,20260331,-3000.0,0.0,-3000.0,92527.0,53744.0,38783.0
小台日盤 比例,0.5,勝率 > 50%,20260401,2748.0,0.0,2748.0,95275.0,53744.0,41531.0
小台日盤 比例,0.5,勝率 > 50%,20260402,3442.0,1644.0,1798.0,98717.0,55388.0,43329.0
小台日盤 比例,0.5,勝率 > 50%,20260421,-4574.0,0.0,-4574.0,94143.0,55388.0,38755.0
小台日盤 比例,0.5,勝率 > 50%,20260423,6276.0,6276.0,0.0,100419.0,61664.0,38755.0
小台日盤 比例,0.5,勝率 > 50%,20260424,586.0,586.0,0.0,101005.0,62250.0,38755.0
小台日盤 比例,0.5,勝率 > 50%,20260427,2934.0,2934.0,0.0,103939.0,65184.0,38755.0
小台日盤 比例,0.5,勝率 > 50%,20260429,536.0,536.0,0.0,104475.0,65720.0,38755.0
小台日盤 比例,0.5,勝率 > 50%,20260430,3634.0,0.0,3634.0,108109.0,65720.0,42389.0
小台日盤 比例,0.5,勝率 > 50%,20260518,-1266.0,-1266.0,0.0,106843.0,64454.0,42389.0
小台日盤 比例,0.5,勝率 > 50%,20260520,434.0,0.0,434.0,107277.0,64454.0,42823.0
小台日盤 比例,0.5,勝率 > 50%,20260527,1374.0,0.0,1374.0,108651.0,64454.0,44197.0
小台日盤 比例,0.5,勝率 > 50%,20260528,15228.0,0.0,15228.0,123879.0,64454.0,59425.0
小台日盤 比例,0.5,勝率 > 50%,20260608,8240.0,728.0,7512.0,132119.0,65182.0,66937.0
小台日盤 比例,0.5,勝率 > 50%,20260610,2178.0,2178.0,0.0,134297.0,67360.0,66937.0
小台日盤 比例,0.5,勝率 > 50%,20260611,762.0,1984.0,-1222.0,135059.0,69344.0,65715.0
小台日盤 比例,0.5,勝率 > 50%,20260612,2826.0,2826.0,0.0,137885.0,72170.0,65715.0
小台日盤 比例,0.5,勝率 > 50%,20260615,822.0,0.0,822.0,138707.0,72170.0,66537.0
小台日盤 比例,0.5,勝率 > 50%,20260623,-3432.0,0.0,-3432.0,135275.0,72170.0,63105.0
小台日盤 比例,0.5,勝率 > 50%,20260624,1740.0,1740.0,0.0,137015.0,73910.0,63105.0
小台日盤 比例,0.5,勝率 > 50%,20260626,3622.0,0.0,3622.0,140637.0,73910.0,66727.0
小台日盤 比例,0.6,勝率 > 60%,20200312,256.0,1122.0,-866.0,256.0,1122.0,-866.0
小台日盤 比例,0.6,勝率 > 60%,20200313,5696.0,3814.0,1882.0,5952.0,4936.0,1016.0
小台日盤 比例,0.6,勝率 > 60%,20200316,1426.0,0.0,1426.0,7378.0,4936.0,2442.0
小台日盤 比例,0.6,勝率 > 60%,20200317,3268.0,2534.0,734.0,10646.0,7470.0,3176.0
小台日盤 比例,0.6,勝率 > 60%,20200319,6198.0,2030.0,4168.0,16844.0,9500.0,7344.0
小台日盤 比例,0.6,勝率 > 60%,20200320,4168.0,3376.0,792.0,21012.0,12876.0,8136.0
小台日盤 比例,0.6,勝率 > 60%,20200323,-1320.0,-1608.0,288.0,19692.0,11268.0,8424.0
小台日盤 比例,0.6,勝率 > 60%,20200327,694.0,0.0,694.0,20386.0,11268.0,9118.0
小台日盤 比例,0.6,勝率 > 60%,20200409,-106.0,0.0,-106.0,20280.0,11268.0,9012.0
小台日盤 比例,0.6,勝率 > 60%,20200427,144.0,144.0,0.0,20424.0,11412.0,9012.0
小台日盤 比例,0.6,勝率 > 60%,20200728,938.0,0.0,938.0,21362.0,11412.0,9950.0
小台日盤 比例,0.6,勝率 > 60%,20200820,2370.0,0.0,2370.0,23732.0,11412.0,12320.0
小台日盤 比例,0.6,勝率 > 60%,20201221,686.0,0.0,686.0,24418.0,11412.0,13006.0
小台日盤 比例,0.6,勝率 > 60%,20210217,164.0,164.0,0.0,24582.0,11576.0,13006.0
小台日盤 比例,0.6,勝率 > 60%,20210512,19062.0,4286.0,14776.0,43644.0,15862.0,27782.0
小台日盤 比例,0.6,勝率 > 60%,20210513,3596.0,2614.0,982.0,47240.0,18476.0,28764.0
小台日盤 比例,0.6,勝率 > 60%,20210514,2564.0,2564.0,0.0,49804.0,21040.0,28764.0
小台日盤 比例,0.6,勝率 > 60%,20210517,5302.0,5302.0,0.0,55106.0,26342.0,28764.0
小台日盤 比例,0.6,勝率 > 60%,20210518,2160.0,1428.0,732.0,57266.0,27770.0,29496.0
小台日盤 比例,0.6,勝率 > 60%,20210607,-8930.0,0.0,-8930.0,48336.0,27770.0,20566.0
小台日盤 比例,0.6,勝率 > 60%,20210728,460.0,0.0,460.0,48796.0,27770.0,21026.0
小台日盤 比例,0.6,勝率 > 60%,20220704,486.0,486.0,0.0,49282.0,28256.0,21026.0
小台日盤 比例,0.6,勝率 > 60%,20220705,672.0,0.0,672.0,49954.0,28256.0,21698.0
小台日盤 比例,0.6,勝率 > 60%,20240805,4722.0,0.0,4722.0,54676.0,28256.0,26420.0
小台日盤 比例,0.6,勝率 > 60%,20240806,8666.0,724.0,7942.0,63342.0,28980.0,34362.0
小台日盤 比例,0.6,勝率 > 60%,20240807,1272.0,1272.0,0.0,64614.0,30252.0,34362.0
小台日盤 比例,0.6,勝率 > 60%,20240808,1966.0,0.0,1966.0,66580.0,30252.0,36328.0
小台日盤 比例,0.6,勝率 > 60%,20240904,1222.0,0.0,1222.0,67802.0,30252.0,37550.0
小台日盤 比例,0.6,勝率 > 60%,20250408,3804.0,2628.0,1176.0,71606.0,32880.0,38726.0
小台日盤 比例,0.6,勝率 > 60%,20250409,12568.0,1810.0,10758.0,84174.0,34690.0,49484.0
小台日盤 比例,0.6,勝率 > 60%,20250411,3256.0,1628.0,1628.0,87430.0,36318.0,51112.0
小台日盤 比例,0.6,勝率 > 60%,20260202,200.0,0.0,200.0,87630.0,36318.0,51312.0
小台日盤 比例,0.6,勝率 > 60%,20260304,3496.0,4498.0,-1002.0,91126.0,40816.0,50310.0
小台日盤 比例,0.6,勝率 > 60%,20260309,-1750.0,-1750.0,0.0,89376.0,39066.0,50310.0
小台日盤 比例,0.6,勝率 > 60%,20260316,48.0,0.0,48.0,89424.0,39066.0,50358.0
小台日盤 比例,0.6,勝率 > 60%,20260331,-900.0,0.0,-900.0,88524.0,39066.0,49458.0
小台日盤 比例,0.6,勝率 > 60%,20260402,1398.0,1398.0,0.0,89922.0,40464.0,49458.0
小台日盤 比例,0.6,勝率 > 60%,20260421,-1412.0,0.0,-1412.0,88510.0,40464.0,48046.0
小台日盤 比例,0.6,勝率 > 60%,20260423,6276.0,6276.0,0.0,94786.0,46740.0,48046.0
小台日盤 比例,0.6,勝率 > 60%,20260528,1976.0,0.0,1976.0,96762.0,46740.0,50022.0
小台日盤 比例,0.6,勝率 > 60%,20260608,8134.0,0.0,8134.0,104896.0,46740.0,58156.0
小台日盤 比例,0.6,勝率 > 60%,20260610,476.0,476.0,0.0,105372.0,47216.0,58156.0
小台日盤 比例,0.7,勝率 > 70%,20200312,1164.0,1122.0,42.0,1164.0,1122.0,42.0
小台日盤 比例,0.7,勝率 > 70%,20200313,6102.0,3814.0,2288.0,7266.0,4936.0,2330.0
小台日盤 比例,0.7,勝率 > 70%,20200316,1426.0,0.0,1426.0,8692.0,4936.0,3756.0
小台日盤 比例,0.7,勝率 > 70%,20200317,3268.0,2534.0,734.0,11960.0,7470.0,4490.0
小台日盤 比例,0.7,勝率 > 70%,20200319,6610.0,2388.0,4222.0,18570.0,9858.0,8712.0
小台日盤 比例,0.7,勝率 > 70%,20200320,1534.0,742.0,792.0,20104.0,10600.0,9504.0
小台日盤 比例,0.7,勝率 > 70%,20200323,-1408.0,-1504.0,96.0,18696.0,9096.0,9600.0
小台日盤 比例,0.7,勝率 > 70%,20200327,694.0,0.0,694.0,19390.0,9096.0,10294.0
小台日盤 比例,0.7,勝率 > 70%,20200409,-106.0,0.0,-106.0,19284.0,9096.0,10188.0
小台日盤 比例,0.7,勝率 > 70%,20200427,144.0,144.0,0.0,19428.0,9240.0,10188.0
小台日盤 比例,0.7,勝率 > 70%,20200728,938.0,0.0,938.0,20366.0,9240.0,11126.0
小台日盤 比例,0.7,勝率 > 70%,20200820,2370.0,0.0,2370.0,22736.0,9240.0,13496.0
小台日盤 比例,0.7,勝率 > 70%,20201221,686.0,0.0,686.0,23422.0,9240.0,14182.0
小台日盤 比例,0.7,勝率 > 70%,20210217,164.0,164.0,0.0,23586.0,9404.0,14182.0
小台日盤 比例,0.7,勝率 > 70%,20210512,17448.0,2672.0,14776.0,41034.0,12076.0,28958.0
小台日盤 比例,0.7,勝率 > 70%,20210513,1864.0,882.0,982.0,42898.0,12958.0,29940.0
小台日盤 比例,0.7,勝率 > 70%,20210514,2564.0,2564.0,0.0,45462.0,15522.0,29940.0
小台日盤 比例,0.7,勝率 > 70%,20210517,5302.0,5302.0,0.0,50764.0,20824.0,29940.0
小台日盤 比例,0.7,勝率 > 70%,20210518,1428.0,1428.0,0.0,52192.0,22252.0,29940.0
小台日盤 比例,0.7,勝率 > 70%,20210607,-3790.0,0.0,-3790.0,48402.0,22252.0,26150.0
小台日盤 比例,0.7,勝率 > 70%,20210728,460.0,0.0,460.0,48862.0,22252.0,26610.0
小台日盤 比例,0.7,勝率 > 70%,20220704,486.0,486.0,0.0,49348.0,22738.0,26610.0
小台日盤 比例,0.7,勝率 > 70%,20220705,386.0,0.0,386.0,49734.0,22738.0,26996.0
小台日盤 比例,0.7,勝率 > 70%,20240805,4722.0,0.0,4722.0,54456.0,22738.0,31718.0
小台日盤 比例,0.7,勝率 > 70%,20240806,7942.0,0.0,7942.0,62398.0,22738.0,39660.0
小台日盤 比例,0.7,勝率 > 70%,20240807,1272.0,1272.0,0.0,63670.0,24010.0,39660.0
小台日盤 比例,0.7,勝率 > 70%,20240808,1344.0,0.0,1344.0,65014.0,24010.0,41004.0
小台日盤 比例,0.7,勝率 > 70%,20240904,1222.0,0.0,1222.0,66236.0,24010.0,42226.0
小台日盤 比例,0.7,勝率 > 70%,20250408,3804.0,2628.0,1176.0,70040.0,26638.0,43402.0
小台日盤 比例,0.7,勝率 > 70%,20250409,9112.0,1810.0,7302.0,79152.0,28448.0,50704.0
小台日盤 比例,0.7,勝率 > 70%,20250411,3256.0,1628.0,1628.0,82408.0,30076.0,52332.0
小台日盤 比例,0.7,勝率 > 70%,20260202,200.0,0.0,200.0,82608.0,30076.0,52532.0
小台日盤 比例,0.7,勝率 > 70%,20260304,3496.0,4498.0,-1002.0,86104.0,34574.0,51530.0
小台日盤 比例,0.7,勝率 > 70%,20260316,48.0,0.0,48.0,86152.0,34574.0,51578.0
小台日盤 比例,0.7,勝率 > 70%,20260331,-900.0,0.0,-900.0,85252.0,34574.0,50678.0
小台日盤 比例,0.7,勝率 > 70%,20260421,-1412.0,0.0,-1412.0,83840.0,34574.0,49266.0
小台日盤 比例,0.7,勝率 > 70%,20260423,6276.0,6276.0,0.0,90116.0,40850.0,49266.0
小台日盤 比例,0.7,勝率 > 70%,20260528,1976.0,0.0,1976.0,92092.0,40850.0,51242.0
小台日盤 比例,0.7,勝率 > 70%,20260608,3706.0,0.0,3706.0,95798.0,40850.0,54948.0
小台日盤 比例,0.7,勝率 > 70%,20260610,476.0,476.0,0.0,96274.0,41326.0,54948.0
小台日盤 比例,0.8,勝率 > 80%,20200312,1164.0,1122.0,42.0,1164.0,1122.0,42.0
小台日盤 比例,0.8,勝率 > 80%,20200313,2682.0,2682.0,0.0,3846.0,3804.0,42.0
小台日盤 比例,0.8,勝率 > 80%,20200316,1426.0,0.0,1426.0,5272.0,3804.0,1468.0
小台日盤 比例,0.8,勝率 > 80%,20200317,3272.0,2534.0,738.0,8544.0,6338.0,2206.0
小台日盤 比例,0.8,勝率 > 80%,20200319,4474.0,744.0,3730.0,13018.0,7082.0,5936.0
小台日盤 比例,0.8,勝率 > 80%,20200320,2088.0,1296.0,792.0,15106.0,8378.0,6728.0
小台日盤 比例,0.8,勝率 > 80%,20200327,694.0,0.0,694.0,15800.0,8378.0,7422.0
小台日盤 比例,0.8,勝率 > 80%,20200820,1480.0,0.0,1480.0,17280.0,8378.0,8902.0
小台日盤 比例,0.8,勝率 > 80%,20210217,164.0,164.0,0.0,17444.0,8542.0,8902.0
小台日盤 比例,0.8,勝率 > 80%,20210512,14588.0,2276.0,12312.0,32032.0,10818.0,21214.0
小台日盤 比例,0.8,勝率 > 80%,20210514,2564.0,2564.0,0.0,34596.0,13382.0,21214.0
小台日盤 比例,0.8,勝率 > 80%,20210517,5302.0,5302.0,0.0,39898.0,18684.0,21214.0
小台日盤 比例,0.8,勝率 > 80%,20220704,486.0,486.0,0.0,40384.0,19170.0,21214.0
小台日盤 比例,0.8,勝率 > 80%,20220705,386.0,0.0,386.0,40770.0,19170.0,21600.0
小台日盤 比例,0.8,勝率 > 80%,20240805,4722.0,0.0,4722.0,45492.0,19170.0,26322.0
小台日盤 比例,0.8,勝率 > 80%,20240806,8244.0,0.0,8244.0,53736.0,19170.0,34566.0
小台日盤 比例,0.8,勝率 > 80%,20240807,1272.0,1272.0,0.0,55008.0,20442.0,34566.0
小台日盤 比例,0.8,勝率 > 80%,20240808,1344.0,0.0,1344.0,56352.0,20442.0,35910.0
小台日盤 比例,0.8,勝率 > 80%,20240904,1222.0,0.0,1222.0,57574.0,20442.0,37132.0
小台日盤 比例,0.8,勝率 > 80%,20250408,3804.0,2628.0,1176.0,61378.0,23070.0,38308.0
小台日盤 比例,0.8,勝率 > 80%,20250409,2670.0,1810.0,860.0,64048.0,24880.0,39168.0
小台日盤 比例,0.8,勝率 > 80%,20250411,2128.0,576.0,1552.0,66176.0,25456.0,40720.0
小台日盤 比例,0.8,勝率 > 80%,20260423,6276.0,6276.0,0.0,72452.0,31732.0,40720.0
小台日盤 比例,0.8,勝率 > 80%,20260528,1976.0,0.0,1976.0,74428.0,31732.0,42696.0
小台日盤 比例,0.8,勝率 > 80%,20260608,1528.0,0.0,1528.0,75956.0,31732.0,44224.0
小台日盤 比例,0.9,勝率 > 90%,20200312,380.0,338.0,42.0,380.0,338.0,42.0
小台日盤 比例,0.9,勝率 > 90%,20200313,2682.0,2682.0,0.0,3062.0,3020.0,42.0
小台日盤 比例,0.9,勝率 > 90%,20200316,1082.0,0.0,1082.0,4144.0,3020.0,1124.0
小台日盤 比例,0.9,勝率 > 90%,20200317,2526.0,1788.0,738.0,6670.0,4808.0,1862.0
小台日盤 比例,0.9,勝率 > 90%,20200319,2182.0,744.0,1438.0,8852.0,5552.0,3300.0
小台日盤 比例,0.9,勝率 > 90%,20200320,2088.0,1296.0,792.0,10940.0,6848.0,4092.0
小台日盤 比例,0.9,勝率 > 90%,20200327,694.0,0.0,694.0,11634.0,6848.0,4786.0
小台日盤 比例,0.9,勝率 > 90%,20200820,1480.0,0.0,1480.0,13114.0,6848.0,6266.0
小台日盤 比例,0.9,勝率 > 90%,20210512,16742.0,5412.0,11330.0,29856.0,12260.0,17596.0
小台日盤 比例,0.9,勝率 > 90%,20210517,5302.0,5302.0,0.0,35158.0,17562.0,17596.0
小台日盤 比例,0.9,勝率 > 90%,20220704,486.0,486.0,0.0,35644.0,18048.0,17596.0
小台日盤 比例,0.9,勝率 > 90%,20240805,874.0,0.0,874.0,36518.0,18048.0,18470.0
小台日盤 比例,0.9,勝率 > 90%,20240806,8244.0,0.0,8244.0,44762.0,18048.0,26714.0
小台日盤 比例,0.9,勝率 > 90%,20240807,1272.0,1272.0,0.0,46034.0,19320.0,26714.0
小台日盤 比例,0.9,勝率 > 90%,20240904,1222.0,0.0,1222.0,47256.0,19320.0,27936.0
小台日盤 比例,0.9,勝率 > 90%,20250408,2628.0,2628.0,0.0,49884.0,21948.0,27936.0
小台日盤 比例,0.9,勝率 > 90%,20250409,3090.0,1810.0,1280.0,52974.0,23758.0,29216.0
小台日盤 比例,0.9,勝率 > 90%,20250411,2128.0,576.0,1552.0,55102.0,24334.0,30768.0
小台日盤 比例,0.9,勝率 > 90%,20260423,6276.0,6276.0,0.0,61378.0,30610.0,30768.0
小台日盤 比例,0.9,勝率 > 90%,20260528,1976.0,0.0,1976.0,63354.0,30610.0,32744.0
小台日盤 比例,0.9,勝率 > 90%,20260608,1528.0,0.0,1528.0,64882.0,30610.0,34272.0
小台日盤 比例,1.0,勝率 = 100%,20200312,380.0,338.0,42.0,380.0,338.0,42.0
小台日盤 比例,1.0,勝率 = 100%,20200313,2682.0,2682.0,0.0,3062.0,3020.0,42.0
小台日盤 比例,1.0,勝率 = 100%,20200316,1082.0,0.0,1082.0,4144.0,3020.0,1124.0
小台日盤 比例,1.0,勝率 = 100%,20200317,2526.0,1788.0,738.0,6670.0,4808.0,1862.0
小台日盤 比例,1.0,勝率 = 100%,20200319,2182.0,744.0,1438.0,8852.0,5552.0,3300.0
小台日盤 比例,1.0,勝率 = 100%,20200320,2088.0,1296.0,792.0,10940.0,6848.0,4092.0
小台日盤 比例,1.0,勝率 = 100%,20200327,694.0,0.0,694.0,11634.0,6848.0,4786.0
小台日盤 比例,1.0,勝率 = 100%,20200820,1480.0,0.0,1480.0,13114.0,6848.0,6266.0
小台日盤 比例,1.0,勝率 = 100%,20210512,16742.0,5412.0,11330.0,29856.0,12260.0,17596.0
小台日盤 比例,1.0,勝率 = 100%,20210517,5302.0,5302.0,0.0,35158.0,17562.0,17596.0
小台日盤 比例,1.0,勝率 = 100%,20220704,486.0,486.0,0.0,35644.0,18048.0,17596.0
小台日盤 比例,1.0,勝率 = 100%,20240805,874.0,0.0,874.0,36518.0,18048.0,18470.0
小台日盤 比例,1.0,勝率 = 100%,20240806,8244.0,0.0,8244.0,44762.0,18048.0,26714.0
小台日盤 比例,1.0,勝率 = 100%,20240807,1272.0,1272.0,0.0,46034.0,19320.0,26714.0
小台日盤 比例,1.0,勝率 = 100%,20240904,1222.0,0.0,1222.0,47256.0,19320.0,27936.0
小台日盤 比例,1.0,勝率 = 100%,20250408,2628.0,2628.0,0.0,49884.0,21948.0,27936.0
小台日盤 比例,1.0,勝率 = 100%,20250409,3090.0,1810.0,1280.0,52974.0,23758.0,29216.0
小台日盤 比例,1.0,勝率 = 100%,20250411,2128.0,576.0,1552.0,55102.0,24334.0,30768.0
小台日盤 比例,1.0,勝率 = 100%,20260423,6276.0,6276.0,0.0,61378.0,30610.0,30768.0
小台日盤 比例,1.0,勝率 = 100%,20260528,1976.0,0.0,1976.0,63354.0,30610.0,32744.0
小台日盤 比例,1.0,勝率 = 100%,20260608,1528.0,0.0,1528.0,64882.0,30610.0,34272.0
小台全日 比例,0.5,勝率 > 50%,20200312,-2066.0,660.0,-2726.0,-2066.0,660.0,-2726.0
小台全日 比例,0.5,勝率 > 50%,20200313,3852.0,4186.0,-334.0,1786.0,4846.0,-3060.0
小台全日 比例,0.5,勝率 > 50%,20200314,-624.0,238.0,-862.0,1162.0,5084.0,-3922.0
小台全日 比例,0.5,勝率 > 50%,20200316,4610.0,-644.0,5254.0,5772.0,4440.0,1332.0
小台全日 比例,0.5,勝率 > 50%,20200317,661.0,-39.0,700.0,6433.0,4401.0,2032.0
小台全日 比例,0.5,勝率 > 50%,20200318,3440.0,1864.0,1576.0,9873.0,6265.0,3608.0
小台全日 比例,0.5,勝率 > 50%,20200319,1699.0,1045.0,654.0,11572.0,7310.0,4262.0
小台全日 比例,0.5,勝率 > 50%,20200320,1486.0,1968.0,-482.0,13058.0,9278.0,3780.0
小台全日 比例,0.5,勝率 > 50%,20200321,96.0,96.0,0.0,13154.0,9374.0,3780.0
小台全日 比例,0.5,勝率 > 50%,20200323,-1384.0,-4802.0,3418.0,11770.0,4572.0,7198.0
小台全日 比例,0.5,勝率 > 50%,20200324,972.0,1176.0,-204.0,12742.0,5748.0,6994.0
小台全日 比例,0.5,勝率 > 50%,20200325,-2268.0,-762.0,-1506.0,10474.0,4986.0,5488.0
小台全日 比例,0.5,勝率 > 50%,20200327,244.0,0.0,244.0,10718.0,4986.0,5732.0
小台全日 比例,0.5,勝率 > 50%,20200330,-770.0,-1016.0,246.0,9948.0,3970.0,5978.0
小台全日 比例,0.5,勝率 > 50%,20200407,-156.0,0.0,-156.0,9792.0,3970.0,5822.0
小台全日 比例,0.5,勝率 > 50%,20200409,-106.0,0.0,-106.0,9686.0,3970.0,5716.0
小台全日 比例,0.5,勝率 > 50%,20200427,144.0,144.0,0.0,9830.0,4114.0,5716.0
小台全日 比例,0.5,勝率 > 50%,20200504,42.0,42.0,0.0,9872.0,4156.0,5716.0
小台全日 比例,0.5,勝率 > 50%,20200728,376.0,0.0,376.0,10248.0,4156.0,6092.0
小台全日 比例,0.5,勝率 > 50%,20200730,-548.0,38.0,-586.0,9700.0,4194.0,5506.0
小台全日 比例,0.5,勝率 > 50%,20200820,-3260.0,-160.0,-3100.0,6440.0,4034.0,2406.0
小台全日 比例,0.5,勝率 > 50%,20200909,-510.0,0.0,-510.0,5930.0,4034.0,1896.0
小台全日 比例,0.5,勝率 > 50%,20201221,686.0,0.0,686.0,6616.0,4034.0,2582.0
小台全日 比例,0.5,勝率 > 50%,20210125,632.0,0.0,632.0,7248.0,4034.0,3214.0
小台全日 比例,0.5,勝率 > 50%,20210217,164.0,164.0,0.0,7412.0,4198.0,3214.0
小台全日 比例,0.5,勝率 > 50%,20210305,-18.0,-18.0,0.0,7394.0,4180.0,3214.0
小台全日 比例,0.5,勝率 > 50%,20210426,80.0,80.0,0.0,7474.0,4260.0,3214.0
小台全日 比例,0.5,勝率 > 50%,20210504,1430.0,0.0,1430.0,8904.0,4260.0,4644.0
小台全日 比例,0.5,勝率 > 50%,20210512,11759.0,1969.0,9790.0,20663.0,6229.0,14434.0
小台全日 比例,0.5,勝率 > 50%,20210513,-2570.0,-2434.0,-136.0,18093.0,3795.0,14298.0
小台全日 比例,0.5,勝率 > 50%,20210514,2696.0,2696.0,0.0,20789.0,6491.0,14298.0
小台全日 比例,0.5,勝率 > 50%,20210517,2481.0,6148.0,-3667.0,23270.0,12639.0,10631.0
小台全日 比例,0.5,勝率 > 50%,20210518,-1054.0,-1786.0,732.0,22216.0,10853.0,11363.0
小台全日 比例,0.5,勝率 > 50%,20210519,-486.0,0.0,-486.0,21730.0,10853.0,10877.0
小台全日 比例,0.5,勝率 > 50%,20210521,296.0,0.0,296.0,22026.0,10853.0,11173.0
小台全日 比例,0.5,勝率 > 50%,20210607,-3790.0,0.0,-3790.0,18236.0,10853.0,7383.0
小台全日 比例,0.5,勝率 > 50%,20210707,78.0,0.0,78.0,18314.0,10853.0,7461.0
小台全日 比例,0.5,勝率 > 50%,20210728,1530.0,1530.0,0.0,19844.0,12383.0,7461.0
小台全日 比例,0.5,勝率 > 50%,20220511,582.0,0.0,582.0,20426.0,12383.0,8043.0
小台全日 比例,0.5,勝率 > 50%,20220704,1772.0,486.0,1286.0,22198.0,12869.0,9329.0
小台全日 比例,0.5,勝率 > 50%,20220706,86.0,0.0,86.0,22284.0,12869.0,9415.0
小台全日 比例,0.5,勝率 > 50%,20220708,-278.0,0.0,-278.0,22006.0,12869.0,9137.0
小台全日 比例,0.5,勝率 > 50%,20220712,4222.0,4186.0,36.0,26228.0,17055.0,9173.0
小台全日 比例,0.5,勝率 > 50%,20220902,-466.0,-466.0,0.0,25762.0,16589.0,9173.0
小台全日 比例,0.5,勝率 > 50%,20220922,408.0,0.0,408.0,26170.0,16589.0,9581.0
小台全日 比例,0.5,勝率 > 50%,20221013,678.0,-648.0,1326.0,26848.0,15941.0,10907.0
小台全日 比例,0.5,勝率 > 50%,20221017,-624.0,-624.0,0.0,26224.0,15317.0,10907.0
小台全日 比例,0.5,勝率 > 50%,20221024,288.0,288.0,0.0,26512.0,15605.0,10907.0
小台全日 比例,0.5,勝率 > 50%,20221209,1584.0,0.0,1584.0,28096.0,15605.0,12491.0
小台全日 比例,0.5,勝率 > 50%,20221213,534.0,534.0,0.0,28630.0,16139.0,12491.0
小台全日 比例,0.5,勝率 > 50%,20221215,334.0,0.0,334.0,28964.0,16139.0,12825.0
小台全日 比例,0.5,勝率 > 50%,20230112,6352.0,0.0,6352.0,35316.0,16139.0,19177.0
小台全日 比例,0.5,勝率 > 50%,20230731,130.0,0.0,130.0,35446.0,16139.0,19307.0
小台全日 比例,0.5,勝率 > 50%,20240419,526.0,526.0,0.0,35972.0,16665.0,19307.0
小台全日 比例,0.5,勝率 > 50%,20240503,224.0,224.0,0.0,36196.0,16889.0,19307.0
小台全日 比例,0.5,勝率 > 50%,20240722,58.0,58.0,0.0,36254.0,16947.0,19307.0
小台全日 比例,0.5,勝率 > 50%,20240726,520.0,520.0,0.0,36774.0,17467.0,19307.0
小台全日 比例,0.5,勝率 > 50%,20240802,222.0,222.0,0.0,36996.0,17689.0,19307.0
小台全日 比例,0.5,勝率 > 50%,20240805,34894.0,20176.0,14718.0,71890.0,37865.0,34025.0
小台全日 比例,0.5,勝率 > 50%,20240806,9030.0,-178.0,9208.0,80920.0,37687.0,43233.0
小台全日 比例,0.5,勝率 > 50%,20240807,-2334.0,944.0,-3278.0,78586.0,38631.0,39955.0
小台全日 比例,0.5,勝率 > 50%,20240808,888.0,-1078.0,1966.0,79474.0,37553.0,41921.0
小台全日 比例,0.5,勝率 > 50%,20240809,-128.0,0.0,-128.0,79346.0,37553.0,41793.0
小台全日 比例,0.5,勝率 > 50%,20240904,1244.0,22.0,1222.0,80590.0,37575.0,43015.0
小台全日 比例,0.5,勝率 > 50%,20240906,1422.0,0.0,1422.0,82012.0,37575.0,44437.0
小台全日 比例,0.5,勝率 > 50%,20250227,768.0,0.0,768.0,82780.0,37575.0,45205.0
小台全日 比例,0.5,勝率 > 50%,20250311,-1130.0,-1130.0,0.0,81650.0,36445.0,45205.0
小台全日 比例,0.5,勝率 > 50%,20250407,66051.0,36188.0,29863.0,147701.0,72633.0,75068.0
小台全日 比例,0.5,勝率 > 50%,20250408,4386.0,3708.0,678.0,152087.0,76341.0,75746.0
小台全日 比例,0.5,勝率 > 50%,20250409,18524.0,11194.0,7330.0,170611.0,87535.0,83076.0
小台全日 比例,0.5,勝率 > 50%,20250410,32245.0,33164.0,-919.0,202856.0,120699.0,82157.0
小台全日 比例,0.5,勝率 > 50%,20250411,3104.0,1964.0,1140.0,205960.0,122663.0,83297.0
小台全日 比例,0.5,勝率 > 50%,20250414,2872.0,0.0,2872.0,208832.0,122663.0,86169.0
小台全日 比例,0.5,勝率 > 50%,20250415,26.0,26.0,0.0,208858.0,122689.0,86169.0
小台全日 比例,0.5,勝率 > 50%,20250426,824.0,0.0,824.0,209682.0,122689.0,86993.0
小台全日 比例,0.5,勝率 > 50%,20250506,-1026.0,0.0,-1026.0,208656.0,122689.0,85967.0
小台全日 比例,0.5,勝率 > 50%,20251121,-1678.0,-1678.0,0.0,206978.0,121011.0,85967.0
小台全日 比例,0.5,勝率 > 50%,20251125,2220.0,0.0,2220.0,209198.0,121011.0,88187.0
小台全日 比例,0.5,勝率 > 50%,20260202,-2050.0,0.0,-2050.0,207148.0,121011.0,86137.0
小台全日 比例,0.5,勝率 > 50%,20260303,996.0,0.0,996.0,208144.0,121011.0,87133.0
小台全日 比例,0.5,勝率 > 50%,20260304,2590.0,7896.0,-5306.0,210734.0,128907.0,81827.0
小台全日 比例,0.5,勝率 > 50%,20260305,2448.0,0.0,2448.0,213182.0,128907.0,84275.0
小台全日 比例,0.5,勝率 > 50%,20260306,-806.0,0.0,-806.0,212376.0,128907.0,83469.0
小台全日 比例,0.5,勝率 > 50%,20260309,304.0,0.0,304.0,212680.0,128907.0,83773.0
小台全日 比例,0.5,勝率 > 50%,20260310,-6908.0,748.0,-7656.0,205772.0,129655.0,76117.0
小台全日 比例,0.5,勝率 > 50%,20260311,2296.0,0.0,2296.0,208068.0,129655.0,78413.0
小台全日 比例,0.5,勝率 > 50%,20260312,-2754.0,-2754.0,0.0,205314.0,126901.0,78413.0
小台全日 比例,0.5,勝率 > 50%,20260316,48.0,0.0,48.0,205362.0,126901.0,78461.0
小台全日 比例,0.5,勝率 > 50%,20260319,548.0,548.0,0.0,205910.0,127449.0,78461.0
小台全日 比例,0.5,勝率 > 50%,20260320,-2552.0,-2552.0,0.0,203358.0,124897.0,78461.0
小台全日 比例,0.5,勝率 > 50%,20260323,35749.0,2193.0,33556.0,239107.0,127090.0,112017.0
小台全日 比例,0.5,勝率 > 50%,20260325,3242.0,0.0,3242.0,242349.0,127090.0,115259.0
小台全日 比例,0.5,勝率 > 50%,20260331,-900.0,0.0,-900.0,241449.0,127090.0,114359.0
小台全日 比例,0.5,勝率 > 50%,20260401,2748.0,0.0,2748.0,244197.0,127090.0,117107.0
小台全日 比例,0.5,勝率 > 50%,20260402,6094.0,6998.0,-904.0,250291.0,134088.0,116203.0
小台全日 比例,0.5,勝率 > 50%,20260422,5938.0,5938.0,0.0,256229.0,140026.0,116203.0
小台全日 比例,0.5,勝率 > 50%,20260423,6276.0,6276.0,0.0,262505.0,146302.0,116203.0
小台全日 比例,0.5,勝率 > 50%,20260427,-3048.0,2934.0,-5982.0,259457.0,149236.0,110221.0
小台全日 比例,0.5,勝率 > 50%,20260429,536.0,536.0,0.0,259993.0,149772.0,110221.0
小台全日 比例,0.5,勝率 > 50%,20260430,3634.0,0.0,3634.0,263627.0,149772.0,113855.0
小台全日 比例,0.5,勝率 > 50%,20260519,3696.0,3696.0,0.0,267323.0,153468.0,113855.0
小台全日 比例,0.5,勝率 > 50%,20260527,-252.0,-1626.0,1374.0,267071.0,151842.0,115229.0
小台全日 比例,0.5,勝率 > 50%,20260528,13902.0,0.0,13902.0,280973.0,151842.0,129131.0
小台全日 比例,0.5,勝率 > 50%,20260606,186514.0,209620.0,-23106.0,467487.0,361462.0,106025.0
小台全日 比例,0.5,勝率 > 50%,20260608,13067.0,8105.0,4962.0,480554.0,369567.0,110987.0
小台全日 比例,0.5,勝率 > 50%,20260609,-3426.0,0.0,-3426.0,477128.0,369567.0,107561.0
小台全日 比例,0.5,勝率 > 50%,20260610,17446.0,11390.0,6056.0,494574.0,380957.0,113617.0
小台全日 比例,0.5,勝率 > 50%,20260611,394.0,4240.0,-3846.0,494968.0,385197.0,109771.0
小台全日 比例,0.5,勝率 > 50%,20260612,3132.0,6880.0,-3748.0,498100.0,392077.0,106023.0
小台全日 比例,0.5,勝率 > 50%,20260618,23054.0,7338.0,15716.0,521154.0,399415.0,121739.0
小台全日 比例,0.5,勝率 > 50%,20260623,-3028.0,0.0,-3028.0,518126.0,399415.0,118711.0
小台全日 比例,0.5,勝率 > 50%,20260624,1142.0,920.0,222.0,519268.0,400335.0,118933.0
小台全日 比例,0.5,勝率 > 50%,20260625,8242.0,8242.0,0.0,527510.0,408577.0,118933.0
小台全日 比例,0.5,勝率 > 50%,20260626,3622.0,0.0,3622.0,531132.0,408577.0,122555.0
小台全日 比例,0.6,勝率 > 60%,20200312,1164.0,1122.0,42.0,1164.0,1122.0,42.0
小台全日 比例,0.6,勝率 > 60%,20200313,802.0,482.0,320.0,1966.0,1604.0,362.0
小台全日 比例,0.6,勝率 > 60%,20200314,88.0,94.0,-6.0,2054.0,1698.0,356.0
小台全日 比例,0.6,勝率 > 60%,20200316,6318.0,194.0,6124.0,8372.0,1892.0,6480.0
小台全日 比例,0.6,勝率 > 60%,20200317,-1244.0,-1636.0,392.0,7128.0,256.0,6872.0
小台全日 比例,0.6,勝率 > 60%,20200318,1534.0,342.0,1192.0,8662.0,598.0,8064.0
小台全日 比例,0.6,勝率 > 60%,20200319,3207.0,-619.0,3826.0,11869.0,-21.0,11890.0
小台全日 比例,0.6,勝率 > 60%,20200320,442.0,0.0,442.0,12311.0,-21.0,12332.0
小台全日 比例,0.6,勝率 > 60%,20200323,4056.0,180.0,3876.0,16367.0,159.0,16208.0
小台全日 比例,0.6,勝率 > 60%,20200324,146.0,146.0,0.0,16513.0,305.0,16208.0
小台全日 比例,0.6,勝率 > 60%,20200728,938.0,0.0,938.0,17451.0,305.0,17146.0
小台全日 比例,0.6,勝率 > 60%,20200730,214.0,38.0,176.0,17665.0,343.0,17322.0
小台全日 比例,0.6,勝率 > 60%,20201221,686.0,0.0,686.0,18351.0,343.0,18008.0
小台全日 比例,0.6,勝率 > 60%,20210217,164.0,164.0,0.0,18515.0,507.0,18008.0
小台全日 比例,0.6,勝率 > 60%,20210512,3793.0,-705.0,4498.0,22308.0,-198.0,22506.0
小台全日 比例,0.6,勝率 > 60%,20210514,2564.0,2564.0,0.0,24872.0,2366.0,22506.0
小台全日 比例,0.6,勝率 > 60%,20210517,-469.0,3198.0,-3667.0,24403.0,5564.0,18839.0
小台全日 比例,0.6,勝率 > 60%,20210607,-3970.0,0.0,-3970.0,20433.0,5564.0,14869.0
小台全日 比例,0.6,勝率 > 60%,20220704,486.0,486.0,0.0,20919.0,6050.0,14869.0
小台全日 比例,0.6,勝率 > 60%,20220712,4186.0,4186.0,0.0,25105.0,10236.0,14869.0
小台全日 比例,0.6,勝率 > 60%,20220922,408.0,0.0,408.0,25513.0,10236.0,15277.0
小台全日 比例,0.6,勝率 > 60%,20221013,1288.0,0.0,1288.0,26801.0,10236.0,16565.0
小台全日 比例,0.6,勝率 > 60%,20221209,1584.0,0.0,1584.0,28385.0,10236.0,18149.0
小台全日 比例,0.6,勝率 > 60%,20221213,534.0,534.0,0.0,28919.0,10770.0,18149.0
小台全日 比例,0.6,勝率 > 60%,20221215,334.0,0.0,334.0,29253.0,10770.0,18483.0
小台全日 比例,0.6,勝率 > 60%,20230112,6352.0,0.0,6352.0,35605.0,10770.0,24835.0
小台全日 比例,0.6,勝率 > 60%,20240805,27102.0,18880.0,8222.0,62707.0,29650.0,33057.0
小台全日 比例,0.6,勝率 > 60%,20240806,7922.0,0.0,7922.0,70629.0,29650.0,40979.0
小台全日 比例,0.6,勝率 > 60%,20240807,1272.0,1272.0,0.0,71901.0,30922.0,40979.0
小台全日 比例,0.6,勝率 > 60%,20240808,1344.0,0.0,1344.0,73245.0,30922.0,42323.0
小台全日 比例,0.6,勝率 > 60%,20240904,1222.0,0.0,1222.0,74467.0,30922.0,43545.0
小台全日 比例,0.6,勝率 > 60%,20240906,1422.0,0.0,1422.0,75889.0,30922.0,44967.0
小台全日 比例,0.6,勝率 > 60%,20250407,59953.0,28350.0,31603.0,135842.0,59272.0,76570.0
小台全日 比例,0.6,勝率 > 60%,20250409,11002.0,9512.0,1490.0,146844.0,68784.0,78060.0
小台全日 比例,0.6,勝率 > 60%,20250410,35765.0,32338.0,3427.0,182609.0,101122.0,81487.0
小台全日 比例,0.6,勝率 > 60%,20250411,3058.0,2328.0,730.0,185667.0,103450.0,82217.0
小台全日 比例,0.6,勝率 > 60%,20250415,26.0,26.0,0.0,185693.0,103476.0,82217.0
小台全日 比例,0.6,勝率 > 60%,20260303,996.0,0.0,996.0,186689.0,103476.0,83213.0
小台全日 比例,0.6,勝率 > 60%,20260304,4498.0,4498.0,0.0,191187.0,107974.0,83213.0
小台全日 比例,0.6,勝率 > 60%,20260316,48.0,0.0,48.0,191235.0,107974.0,83261.0
小台全日 比例,0.6,勝率 > 60%,20260323,14173.0,2193.0,11980.0,205408.0,110167.0,95241.0
小台全日 比例,0.6,勝率 > 60%,20260331,-900.0,0.0,-900.0,204508.0,110167.0,94341.0
小台全日 比例,0.6,勝率 > 60%,20260402,6998.0,6998.0,0.0,211506.0,117165.0,94341.0
小台全日 比例,0.6,勝率 > 60%,20260422,5938.0,5938.0,0.0,217444.0,123103.0,94341.0
小台全日 比例,0.6,勝率 > 60%,20260427,-4566.0,0.0,-4566.0,212878.0,123103.0,89775.0
小台全日 比例,0.6,勝率 > 60%,20260519,2332.0,2332.0,0.0,215210.0,125435.0,89775.0
小台全日 比例,0.6,勝率 > 60%,20260606,215852.0,208840.0,7012.0,431062.0,334275.0,96787.0
小台全日 比例,0.6,勝率 > 60%,20260608,3706.0,0.0,3706.0,434768.0,334275.0,100493.0
小台全日 比例,0.6,勝率 > 60%,20260610,25592.0,7356.0,18236.0,460360.0,341631.0,118729.0
小台全日 比例,0.6,勝率 > 60%,20260618,23360.0,7644.0,15716.0,483720.0,349275.0,134445.0
小台全日 比例,0.6,勝率 > 60%,20260624,222.0,0.0,222.0,483942.0,349275.0,134667.0
小台全日 比例,0.6,勝率 > 60%,20260625,70.0,70.0,0.0,484012.0,349345.0,134667.0
小台全日 比例,0.7,勝率 > 70%,20200312,380.0,338.0,42.0,380.0,338.0,42.0
小台全日 比例,0.7,勝率 > 70%,20200313,1970.0,338.0,1632.0,2350.0,676.0,1674.0
小台全日 比例,0.7,勝率 > 70%,20200314,94.0,94.0,0.0,2444.0,770.0,1674.0
小台全日 比例,0.7,勝率 > 70%,20200316,6318.0,194.0,6124.0,8762.0,964.0,7798.0
小台全日 比例,0.7,勝率 > 70%,20200317,-124.0,-516.0,392.0,8638.0,448.0,8190.0
小台全日 比例,0.7,勝率 > 70%,20200318,792.0,-154.0,946.0,9430.0,294.0,9136.0
小台全日 比例,0.7,勝率 > 70%,20200319,1681.0,147.0,1534.0,11111.0,441.0,10670.0
小台全日 比例,0.7,勝率 > 70%,20200320,246.0,0.0,246.0,11357.0,441.0,10916.0
小台全日 比例,0.7,勝率 > 70%,20200323,4326.0,-412.0,4738.0,15683.0,29.0,15654.0
小台全日 比例,0.7,勝率 > 70%,20200730,38.0,38.0,0.0,15721.0,67.0,15654.0
小台全日 比例,0.7,勝率 > 70%,20201221,686.0,0.0,686.0,16407.0,67.0,16340.0
小台全日 比例,0.7,勝率 > 70%,20210512,7629.0,2431.0,5198.0,24036.0,2498.0,21538.0
小台全日 比例,0.7,勝率 > 70%,20210517,1834.0,1834.0,0.0,25870.0,4332.0,21538.0
小台全日 比例,0.7,勝率 > 70%,20220712,4186.0,4186.0,0.0,30056.0,8518.0,21538.0
小台全日 比例,0.7,勝率 > 70%,20220922,636.0,0.0,636.0,30692.0,8518.0,22174.0
小台全日 比例,0.7,勝率 > 70%,20221013,1288.0,0.0,1288.0,31980.0,8518.0,23462.0
小台全日 比例,0.7,勝率 > 70%,20221209,1584.0,0.0,1584.0,33564.0,8518.0,25046.0
小台全日 比例,0.7,勝率 > 70%,20221213,534.0,534.0,0.0,34098.0,9052.0,25046.0
小台全日 比例,0.7,勝率 > 70%,20221215,334.0,0.0,334.0,34432.0,9052.0,25380.0
小台全日 比例,0.7,勝率 > 70%,20230112,6352.0,0.0,6352.0,40784.0,9052.0,31732.0
小台全日 比例,0.7,勝率 > 70%,20240805,19204.0,17656.0,1548.0,59988.0,26708.0,33280.0
小台全日 比例,0.7,勝率 > 70%,20240806,7922.0,0.0,7922.0,67910.0,26708.0,41202.0
小台全日 比例,0.7,勝率 > 70%,20240807,1272.0,1272.0,0.0,69182.0,27980.0,41202.0
小台全日 比例,0.7,勝率 > 70%,20240904,1222.0,0.0,1222.0,70404.0,27980.0,42424.0
小台全日 比例,0.7,勝率 > 70%,20240906,1422.0,0.0,1422.0,71826.0,27980.0,43846.0
小台全日 比例,0.7,勝率 > 70%,20250407,57795.0,26192.0,31603.0,129621.0,54172.0,75449.0
小台全日 比例,0.7,勝率 > 70%,20250409,11044.0,9554.0,1490.0,140665.0,63726.0,76939.0
小台全日 比例,0.7,勝率 > 70%,20250410,36139.0,32712.0,3427.0,176804.0,96438.0,80366.0
小台全日 比例,0.7,勝率 > 70%,20250411,5478.0,1526.0,3952.0,182282.0,97964.0,84318.0
小台全日 比例,0.7,勝率 > 70%,20250415,26.0,26.0,0.0,182308.0,97990.0,84318.0
小台全日 比例,0.7,勝率 > 70%,20260323,16277.0,4297.0,11980.0,198585.0,102287.0,96298.0
小台全日 比例,0.7,勝率 > 70%,20260402,6998.0,6998.0,0.0,205583.0,109285.0,96298.0
小台全日 比例,0.7,勝率 > 70%,20260519,2332.0,2332.0,0.0,207915.0,111617.0,96298.0
小台全日 比例,0.7,勝率 > 70%,20260606,215852.0,208840.0,7012.0,423767.0,320457.0,103310.0
小台全日 比例,0.7,勝率 > 70%,20260608,3706.0,0.0,3706.0,427473.0,320457.0,107016.0
小台全日 比例,0.7,勝率 > 70%,20260610,24914.0,7356.0,17558.0,452387.0,327813.0,124574.0
小台全日 比例,0.7,勝率 > 70%,20260618,13944.0,0.0,13944.0,466331.0,327813.0,138518.0
小台全日 比例,0.7,勝率 > 70%,20260625,70.0,70.0,0.0,466401.0,327883.0,138518.0
小台全日 比例,0.8,勝率 > 80%,20200312,380.0,338.0,42.0,380.0,338.0,42.0
小台全日 比例,0.8,勝率 > 80%,20200313,1970.0,338.0,1632.0,2350.0,676.0,1674.0
小台全日 比例,0.8,勝率 > 80%,20200316,6318.0,194.0,6124.0,8668.0,870.0,7798.0
小台全日 比例,0.8,勝率 > 80%,20200317,880.0,488.0,392.0,9548.0,1358.0,8190.0
小台全日 比例,0.8,勝率 > 80%,20200318,946.0,0.0,946.0,10494.0,1358.0,9136.0
小台全日 比例,0.8,勝率 > 80%,20200319,1585.0,147.0,1438.0,12079.0,1505.0,10574.0
小台全日 比例,0.8,勝率 > 80%,20200320,246.0,0.0,246.0,12325.0,1505.0,10820.0
小台全日 比例,0.8,勝率 > 80%,20200323,1288.0,-1504.0,2792.0,13613.0,1.0,13612.0
小台全日 比例,0.8,勝率 > 80%,20200730,38.0,38.0,0.0,13651.0,39.0,13612.0
小台全日 比例,0.8,勝率 > 80%,20201221,686.0,0.0,686.0,14337.0,39.0,14298.0
小台全日 比例,0.8,勝率 > 80%,20210512,8246.0,3048.0,5198.0,22583.0,3087.0,19496.0
小台全日 比例,0.8,勝率 > 80%,20210517,1834.0,1834.0,0.0,24417.0,4921.0,19496.0
小台全日 比例,0.8,勝率 > 80%,20220712,4186.0,4186.0,0.0,28603.0,9107.0,19496.0
小台全日 比例,0.8,勝率 > 80%,20220922,636.0,0.0,636.0,29239.0,9107.0,20132.0
小台全日 比例,0.8,勝率 > 80%,20221013,1288.0,0.0,1288.0,30527.0,9107.0,21420.0
小台全日 比例,0.8,勝率 > 80%,20221209,1584.0,0.0,1584.0,32111.0,9107.0,23004.0
小台全日 比例,0.8,勝率 > 80%,20221213,534.0,534.0,0.0,32645.0,9641.0,23004.0
小台全日 比例,0.8,勝率 > 80%,20221215,334.0,0.0,334.0,32979.0,9641.0,23338.0
小台全日 比例,0.8,勝率 > 80%,20230112,6068.0,0.0,6068.0,39047.0,9641.0,29406.0
小台全日 比例,0.8,勝率 > 80%,20240805,18106.0,17432.0,674.0,57153.0,27073.0,30080.0
小台全日 比例,0.8,勝率 > 80%,20240806,4198.0,0.0,4198.0,61351.0,27073.0,34278.0
小台全日 比例,0.8,勝率 > 80%,20240807,1272.0,1272.0,0.0,62623.0,28345.0,34278.0
小台全日 比例,0.8,勝率 > 80%,20240906,1422.0,0.0,1422.0,64045.0,28345.0,35700.0
小台全日 比例,0.8,勝率 > 80%,20250407,53617.0,22014.0,31603.0,117662.0,50359.0,67303.0
小台全日 比例,0.8,勝率 > 80%,20250409,11044.0,9554.0,1490.0,128706.0,59913.0,68793.0
小台全日 比例,0.8,勝率 > 80%,20250410,36139.0,32712.0,3427.0,164845.0,92625.0,72220.0
小台全日 比例,0.8,勝率 > 80%,20250411,3954.0,1526.0,2428.0,168799.0,94151.0,74648.0
小台全日 比例,0.8,勝率 > 80%,20250415,26.0,26.0,0.0,168825.0,94177.0,74648.0
小台全日 比例,0.8,勝率 > 80%,20260323,16277.0,4297.0,11980.0,185102.0,98474.0,86628.0
小台全日 比例,0.8,勝率 > 80%,20260402,6998.0,6998.0,0.0,192100.0,105472.0,86628.0
小台全日 比例,0.8,勝率 > 80%,20260606,215852.0,208840.0,7012.0,407952.0,314312.0,93640.0
小台全日 比例,0.8,勝率 > 80%,20260608,3706.0,0.0,3706.0,411658.0,314312.0,97346.0
小台全日 比例,0.8,勝率 > 80%,20260610,24914.0,7356.0,17558.0,436572.0,321668.0,114904.0
小台全日 比例,0.8,勝率 > 80%,20260618,13944.0,0.0,13944.0,450516.0,321668.0,128848.0
小台全日 比例,0.8,勝率 > 80%,20260625,70.0,70.0,0.0,450586.0,321738.0,128848.0
小台全日 比例,0.9,勝率 > 90%,20200312,338.0,338.0,0.0,338.0,338.0,0.0
小台全日 比例,0.9,勝率 > 90%,20200313,826.0,338.0,488.0,1164.0,676.0,488.0
小台全日 比例,0.9,勝率 > 90%,20200316,5830.0,0.0,5830.0,6994.0,676.0,6318.0
小台全日 比例,0.9,勝率 > 90%,20200317,584.0,192.0,392.0,7578.0,868.0,6710.0
小台全日 比例,0.9,勝率 > 90%,20200318,946.0,0.0,946.0,8524.0,868.0,7656.0
小台全日 比例,0.9,勝率 > 90%,20200319,1585.0,147.0,1438.0,10109.0,1015.0,9094.0
小台全日 比例,0.9,勝率 > 90%,20200320,246.0,0.0,246.0,10355.0,1015.0,9340.0
小台全日 比例,0.9,勝率 > 90%,20200323,1096.0,0.0,1096.0,11451.0,1015.0,10436.0
小台全日 比例,0.9,勝率 > 90%,20200730,38.0,38.0,0.0,11489.0,1053.0,10436.0
小台全日 比例,0.9,勝率 > 90%,20210512,6414.0,3048.0,3366.0,17903.0,4101.0,13802.0
小台全日 比例,0.9,勝率 > 90%,20210517,1834.0,1834.0,0.0,19737.0,5935.0,13802.0
小台全日 比例,0.9,勝率 > 90%,20220712,4186.0,4186.0,0.0,23923.0,10121.0,13802.0
小台全日 比例,0.9,勝率 > 90%,20220922,636.0,0.0,636.0,24559.0,10121.0,14438.0
小台全日 比例,0.9,勝率 > 90%,20221013,1288.0,0.0,1288.0,25847.0,10121.0,15726.0
小台全日 比例,0.9,勝率 > 90%,20221209,1584.0,0.0,1584.0,27431.0,10121.0,17310.0
小台全日 比例,0.9,勝率 > 90%,20221213,534.0,534.0,0.0,27965.0,10655.0,17310.0
小台全日 比例,0.9,勝率 > 90%,20221215,334.0,0.0,334.0,28299.0,10655.0,17644.0
小台全日 比例,0.9,勝率 > 90%,20230112,6068.0,0.0,6068.0,34367.0,10655.0,23712.0
小台全日 比例,0.9,勝率 > 90%,20240805,18106.0,17432.0,674.0,52473.0,28087.0,24386.0
小台全日 比例,0.9,勝率 > 90%,20240806,4198.0,0.0,4198.0,56671.0,28087.0,28584.0
小台全日 比例,0.9,勝率 > 90%,20240807,1272.0,1272.0,0.0,57943.0,29359.0,28584.0
小台全日 比例,0.9,勝率 > 90%,20240906,1422.0,0.0,1422.0,59365.0,29359.0,30006.0
小台全日 比例,0.9,勝率 > 90%,20250407,51611.0,20086.0,31525.0,110976.0,49445.0,61531.0
小台全日 比例,0.9,勝率 > 90%,20250409,11044.0,9554.0,1490.0,122020.0,58999.0,63021.0
小台全日 比例,0.9,勝率 > 90%,20250410,33786.0,33786.0,0.0,155806.0,92785.0,63021.0
小台全日 比例,0.9,勝率 > 90%,20250411,3954.0,1526.0,2428.0,159760.0,94311.0,65449.0
小台全日 比例,0.9,勝率 > 90%,20250415,26.0,26.0,0.0,159786.0,94337.0,65449.0
小台全日 比例,0.9,勝率 > 90%,20260323,15281.0,4297.0,10984.0,175067.0,98634.0,76433.0
小台全日 比例,0.9,勝率 > 90%,20260402,6998.0,6998.0,0.0,182065.0,105632.0,76433.0
小台全日 比例,0.9,勝率 > 90%,20260606,215852.0,208840.0,7012.0,397917.0,314472.0,83445.0
小台全日 比例,0.9,勝率 > 90%,20260608,1528.0,0.0,1528.0,399445.0,314472.0,84973.0
小台全日 比例,0.9,勝率 > 90%,20260610,24914.0,7356.0,17558.0,424359.0,321828.0,102531.0
小台全日 比例,0.9,勝率 > 90%,20260618,13944.0,0.0,13944.0,438303.0,321828.0,116475.0
小台全日 比例,0.9,勝率 > 90%,20260625,70.0,70.0,0.0,438373.0,321898.0,116475.0
小台全日 比例,1.0,勝率 = 100%,20200312,338.0,338.0,0.0,338.0,338.0,0.0
小台全日 比例,1.0,勝率 = 100%,20200313,826.0,338.0,488.0,1164.0,676.0,488.0
小台全日 比例,1.0,勝率 = 100%,20200316,5830.0,0.0,5830.0,6994.0,676.0,6318.0
小台全日 比例,1.0,勝率 = 100%,20200317,584.0,192.0,392.0,7578.0,868.0,6710.0
小台全日 比例,1.0,勝率 = 100%,20200318,946.0,0.0,946.0,8524.0,868.0,7656.0
小台全日 比例,1.0,勝率 = 100%,20200319,1585.0,147.0,1438.0,10109.0,1015.0,9094.0
小台全日 比例,1.0,勝率 = 100%,20200320,246.0,0.0,246.0,10355.0,1015.0,9340.0
小台全日 比例,1.0,勝率 = 100%,20200323,1096.0,0.0,1096.0,11451.0,1015.0,10436.0
小台全日 比例,1.0,勝率 = 100%,20200730,38.0,38.0,0.0,11489.0,1053.0,10436.0
小台全日 比例,1.0,勝率 = 100%,20210512,6414.0,3048.0,3366.0,17903.0,4101.0,13802.0
小台全日 比例,1.0,勝率 = 100%,20210517,1834.0,1834.0,0.0,19737.0,5935.0,13802.0
小台全日 比例,1.0,勝率 = 100%,20220712,4186.0,4186.0,0.0,23923.0,10121.0,13802.0
小台全日 比例,1.0,勝率 = 100%,20220922,636.0,0.0,636.0,24559.0,10121.0,14438.0
小台全日 比例,1.0,勝率 = 100%,20221013,1288.0,0.0,1288.0,25847.0,10121.0,15726.0
小台全日 比例,1.0,勝率 = 100%,20221209,1584.0,0.0,1584.0,27431.0,10121.0,17310.0
小台全日 比例,1.0,勝率 = 100%,20221213,534.0,534.0,0.0,27965.0,10655.0,17310.0
小台全日 比例,1.0,勝率 = 100%,20221215,334.0,0.0,334.0,28299.0,10655.0,17644.0
小台全日 比例,1.0,勝率 = 100%,20230112,6068.0,0.0,6068.0,34367.0,10655.0,23712.0
小台全日 比例,1.0,勝率 = 100%,20240805,18106.0,17432.0,674.0,52473.0,28087.0,24386.0
小台全日 比例,1.0,勝率 = 100%,20240806,4198.0,0.0,4198.0,56671.0,28087.0,28584.0
小台全日 比例,1.0,勝率 = 100%,20240807,1272.0,1272.0,0.0,57943.0,29359.0,28584.0
小台全日 比例,1.0,勝率 = 100%,20240906,1422.0,0.0,1422.0,59365.0,29359.0,30006.0
小台全日 比例,1.0,勝率 = 100%,20250407,51611.0,20086.0,31525.0,110976.0,49445.0,61531.0
小台全日 比例,1.0,勝率 = 100%,20250409,11044.0,9554.0,1490.0,122020.0,58999.0,63021.0
小台全日 比例,1.0,勝率 = 100%,20250410,33786.0,33786.0,0.0,155806.0,92785.0,63021.0
小台全日 比例,1.0,勝率 = 100%,20250411,3954.0,1526.0,2428.0,159760.0,94311.0,65449.0
小台全日 比例,1.0,勝率 = 100%,20250415,26.0,26.0,0.0,159786.0,94337.0,65449.0
小台全日 比例,1.0,勝率 = 100%,20260323,15281.0,4297.0,10984.0,175067.0,98634.0,76433.0
小台全日 比例,1.0,勝率 = 100%,20260402,6998.0,6998.0,0.0,182065.0,105632.0,76433.0
小台全日 比例,1.0,勝率 = 100%,20260606,215852.0,208840.0,7012.0,397917.0,314472.0,83445.0
小台全日 比例,1.0,勝率 = 100%,20260608,1528.0,0.0,1528.0,399445.0,314472.0,84973.0
小台全日 比例,1.0,勝率 = 100%,20260610,24914.0,7356.0,17558.0,424359.0,321828.0,102531.0
小台全日 比例,1.0,勝率 = 100%,20260618,13944.0,0.0,13944.0,438303.0,321828.0,116475.0
小台全日 比例,1.0,勝率 = 100%,20260625,70.0,70.0,0.0,438373.0,321898.0,116475.0
大台日盤 比例,0.5,勝率 > 50%,20200130,-2124.0,-2562.0,438.0,-2124.0,-2562.0,438.0
大台日盤 比例,0.5,勝率 > 50%,20200203,6320.0,5480.0,840.0,4196.0,2918.0,1278.0
大台日盤 比例,0.5,勝率 > 50%,20200210,-362.0,0.0,-362.0,3834.0,2918.0,916.0
大台日盤 比例,0.5,勝率 > 50%,20200312,16590.0,16130.0,460.0,20424.0,19048.0,1376.0
大台日盤 比例,0.5,勝率 > 50%,20200313,6732.0,5896.0,836.0,27156.0,24944.0,2212.0
大台日盤 比例,0.5,勝率 > 50%,20200316,15260.0,15904.0,-644.0,42416.0,40848.0,1568.0
大台日盤 比例,0.5,勝率 > 50%,20200317,40766.0,6083.0,34683.0,83182.0,46931.0,36251.0
大台日盤 比例,0.5,勝率 > 50%,20200318,-8728.0,-1420.0,-7308.0,74454.0,45511.0,28943.0
大台日盤 比例,0.5,勝率 > 50%,20200319,55480.0,20598.0,34882.0,129934.0,66109.0,63825.0
大台日盤 比例,0.5,勝率 > 50%,20200320,-5884.0,7322.0,-13206.0,124050.0,73431.0,50619.0
大台日盤 比例,0.5,勝率 > 50%,20200323,5880.0,7960.0,-2080.0,129930.0,81391.0,48539.0
大台日盤 比例,0.5,勝率 > 50%,20200324,2912.0,2256.0,656.0,132842.0,83647.0,49195.0
大台日盤 比例,0.5,勝率 > 50%,20200325,1708.0,1454.0,254.0,134550.0,85101.0,49449.0
大台日盤 比例,0.5,勝率 > 50%,20200326,6085.0,-1238.0,7323.0,140635.0,83863.0,56772.0
大台日盤 比例,0.5,勝率 > 50%,20200327,1860.0,104.0,1756.0,142495.0,83967.0,58528.0
大台日盤 比例,0.5,勝率 > 50%,20200330,4152.0,-182.0,4334.0,146647.0,83785.0,62862.0
大台日盤 比例,0.5,勝率 > 50%,20200331,-348.0,0.0,-348.0,146299.0,83785.0,62514.0
大台日盤 比例,0.5,勝率 > 50%,20200406,2904.0,0.0,2904.0,149203.0,83785.0,65418.0
大台日盤 比例,0.5,勝率 > 50%,20200407,-1750.0,-1750.0,0.0,147453.0,82035.0,65418.0
大台日盤 比例,0.5,勝率 > 50%,20200422,-552.0,0.0,-552.0,146901.0,82035.0,64866.0
大台日盤 比例,0.5,勝率 > 50%,20200423,1448.0,0.0,1448.0,148349.0,82035.0,66314.0
大台日盤 比例,0.5,勝率 > 50%,20200427,-354.0,0.0,-354.0,147995.0,82035.0,65960.0
大台日盤 比例,0.5,勝率 > 50%,20200512,84.0,0.0,84.0,148079.0,82035.0,66044.0
大台日盤 比例,0.5,勝率 > 50%,20200623,1638.0,0.0,1638.0,149717.0,82035.0,67682.0
大台日盤 比例,0.5,勝率 > 50%,20200707,2268.0,0.0,2268.0,151985.0,82035.0,69950.0
大台日盤 比例,0.5,勝率 > 50%,20200728,-7398.0,-3172.0,-4226.0,144587.0,78863.0,65724.0
大台日盤 比例,0.5,勝率 > 50%,20200820,-8752.0,-5704.0,-3048.0,135835.0,73159.0,62676.0
大台日盤 比例,0.5,勝率 > 50%,20200828,-572.0,-572.0,0.0,135263.0,72587.0,62676.0
大台日盤 比例,0.5,勝率 > 50%,20201125,1420.0,0.0,1420.0,136683.0,72587.0,64096.0
大台日盤 比例,0.5,勝率 > 50%,20210106,-188.0,0.0,-188.0,136495.0,72587.0,63908.0
大台日盤 比例,0.5,勝率 > 50%,20210118,819.0,0.0,819.0,137314.0,72587.0,64727.0
大台日盤 比例,0.5,勝率 > 50%,20210125,-1184.0,0.0,-1184.0,136130.0,72587.0,63543.0
大台日盤 比例,0.5,勝率 > 50%,20210128,8.0,0.0,8.0,136138.0,72587.0,63551.0
大台日盤 比例,0.5,勝率 > 50%,20210201,-1968.0,0.0,-1968.0,134170.0,72587.0,61583.0
大台日盤 比例,0.5,勝率 > 50%,20210205,2003.0,2003.0,0.0,136173.0,74590.0,61583.0
大台日盤 比例,0.5,勝率 > 50%,20210224,1000.0,0.0,1000.0,137173.0,74590.0,62583.0
大台日盤 比例,0.5,勝率 > 50%,20210226,5004.0,0.0,5004.0,142177.0,74590.0,67587.0
大台日盤 比例,0.5,勝率 > 50%,20210308,-598.0,0.0,-598.0,141579.0,74590.0,66989.0
大台日盤 比例,0.5,勝率 > 50%,20210406,-204.0,-204.0,0.0,141375.0,74386.0,66989.0
大台日盤 比例,0.5,勝率 > 50%,20210426,190.0,190.0,0.0,141565.0,74576.0,66989.0
大台日盤 比例,0.5,勝率 > 50%,20210504,7778.0,4192.0,3586.0,149343.0,78768.0,70575.0
大台日盤 比例,0.5,勝率 > 50%,20210505,-1606.0,0.0,-1606.0,147737.0,78768.0,68969.0
大台日盤 比例,0.5,勝率 > 50%,20210511,7594.0,8398.0,-804.0,155331.0,87166.0,68165.0
大台日盤 比例,0.5,勝率 > 50%,20210512,121165.0,32291.0,88874.0,276496.0,119457.0,157039.0
大台日盤 比例,0.5,勝率 > 50%,20210513,32306.0,19040.0,13266.0,308802.0,138497.0,170305.0
大台日盤 比例,0.5,勝率 > 50%,20210514,-5780.0,-4384.0,-1396.0,303022.0,134113.0,168909.0
大台日盤 比例,0.5,勝率 > 50%,20210517,46382.0,36492.0,9890.0,349404.0,170605.0,178799.0
大台日盤 比例,0.5,勝率 > 50%,20210518,28033.0,12025.0,16008.0,377437.0,182630.0,194807.0
大台日盤 比例,0.5,勝率 > 50%,20210519,10207.0,-396.0,10603.0,387644.0,182234.0,205410.0
大台日盤 比例,0.5,勝率 > 50%,20210520,14012.0,2004.0,12008.0,401656.0,184238.0,217418.0
大台日盤 比例,0.5,勝率 > 50%,20210521,1198.0,0.0,1198.0,402854.0,184238.0,218616.0
大台日盤 比例,0.5,勝率 > 50%,20210525,-2.0,0.0,-2.0,402852.0,184238.0,218614.0
大台日盤 比例,0.5,勝率 > 50%,20210607,-10032.0,-206.0,-9826.0,392820.0,184032.0,208788.0
大台日盤 比例,0.5,勝率 > 50%,20210705,-812.0,0.0,-812.0,392008.0,184032.0,207976.0
大台日盤 比例,0.5,勝率 > 50%,20210719,-2612.0,0.0,-2612.0,389396.0,184032.0,205364.0
大台日盤 比例,0.5,勝率 > 50%,20210728,3380.0,3192.0,188.0,392776.0,187224.0,205552.0
大台日盤 比例,0.5,勝率 > 50%,20210819,198.0,0.0,198.0,392974.0,187224.0,205750.0
大台日盤 比例,0.5,勝率 > 50%,20210820,5000.0,-200.0,5200.0,397974.0,187024.0,210950.0
大台日盤 比例,0.5,勝率 > 50%,20220222,986.0,0.0,986.0,398960.0,187024.0,211936.0
大台日盤 比例,0.5,勝率 > 50%,20220308,-4804.0,0.0,-4804.0,394156.0,187024.0,207132.0
大台日盤 比例,0.5,勝率 > 50%,20220701,14.0,14.0,0.0,394170.0,187038.0,207132.0
大台日盤 比例,0.5,勝率 > 50%,20220704,-2688.0,-6904.0,4216.0,391482.0,180134.0,211348.0
大台日盤 比例,0.5,勝率 > 50%,20220705,652.0,0.0,652.0,392134.0,180134.0,212000.0
大台日盤 比例,0.5,勝率 > 50%,20220706,216.0,0.0,216.0,392350.0,180134.0,212216.0
大台日盤 比例,0.5,勝率 > 50%,20220707,-4096.0,-4346.0,250.0,388254.0,175788.0,212466.0
大台日盤 比例,0.5,勝率 > 50%,20220708,4048.0,3632.0,416.0,392302.0,179420.0,212882.0
大台日盤 比例,0.5,勝率 > 50%,20220712,818.0,818.0,0.0,393120.0,180238.0,212882.0
大台日盤 比例,0.5,勝率 > 50%,20220714,3616.0,3616.0,0.0,396736.0,183854.0,212882.0
大台日盤 比例,0.5,勝率 > 50%,20220907,-1384.0,-1384.0,0.0,395352.0,182470.0,212882.0
大台日盤 比例,0.5,勝率 > 50%,20221003,-778.0,-778.0,0.0,394574.0,181692.0,212882.0
大台日盤 比例,0.5,勝率 > 50%,20221017,-1374.0,-1374.0,0.0,393200.0,180318.0,212882.0
大台日盤 比例,0.5,勝率 > 50%,20221024,1626.0,1626.0,0.0,394826.0,181944.0,212882.0
大台日盤 比例,0.5,勝率 > 50%,20221026,-3544.0,-3544.0,0.0,391282.0,178400.0,212882.0
大台日盤 比例,0.5,勝率 > 50%,20221116,-3586.0,0.0,-3586.0,387696.0,178400.0,209296.0
大台日盤 比例,0.5,勝率 > 50%,20230731,2388.0,2388.0,0.0,390084.0,180788.0,209296.0
大台日盤 比例,0.5,勝率 > 50%,20240308,-2428.0,-2428.0,0.0,387656.0,178360.0,209296.0
大台日盤 比例,0.5,勝率 > 50%,20240419,-4732.0,2374.0,-7106.0,382924.0,180734.0,202190.0
大台日盤 比例,0.5,勝率 > 50%,20240605,-5640.0,0.0,-5640.0,377284.0,180734.0,196550.0
大台日盤 比例,0.5,勝率 > 50%,20240717,-1661.0,-1661.0,0.0,375623.0,179073.0,196550.0
大台日盤 比例,0.5,勝率 > 50%,20240718,-4512.0,-4512.0,0.0,371111.0,174561.0,196550.0
大台日盤 比例,0.5,勝率 > 50%,20240719,3346.0,3346.0,0.0,374457.0,177907.0,196550.0
大台日盤 比例,0.5,勝率 > 50%,20240722,-14244.0,-1748.0,-12496.0,360213.0,176159.0,184054.0
大台日盤 比例,0.5,勝率 > 50%,20240726,1954.0,1954.0,0.0,362167.0,178113.0,184054.0
大台日盤 比例,0.5,勝率 > 50%,20240729,752.0,0.0,752.0,362919.0,178113.0,184806.0
大台日盤 比例,0.5,勝率 > 50%,20240805,6819.0,-3623.0,10442.0,369738.0,174490.0,195248.0
大台日盤 比例,0.5,勝率 > 50%,20240806,46343.0,11914.0,34429.0,416081.0,186404.0,229677.0
大台日盤 比例,0.5,勝率 > 50%,20240807,-1110.0,0.0,-1110.0,414971.0,186404.0,228567.0
大台日盤 比例,0.5,勝率 > 50%,20240808,-2380.0,2728.0,-5108.0,412591.0,189132.0,223459.0
大台日盤 比例,0.5,勝率 > 50%,20240814,954.0,0.0,954.0,413545.0,189132.0,224413.0
大台日盤 比例,0.5,勝率 > 50%,20240904,4481.0,4321.0,160.0,418026.0,193453.0,224573.0
大台日盤 比例,0.5,勝率 > 50%,20241029,-4504.0,0.0,-4504.0,413522.0,193453.0,220069.0
大台日盤 比例,0.5,勝率 > 50%,20241101,1550.0,1550.0,0.0,415072.0,195003.0,220069.0
大台日盤 比例,0.5,勝率 > 50%,20241105,-454.0,-454.0,0.0,414618.0,194549.0,220069.0
大台日盤 比例,0.5,勝率 > 50%,20241106,-768.0,1544.0,-2312.0,413850.0,196093.0,217757.0
大台日盤 比例,0.5,勝率 > 50%,20241115,-654.0,-654.0,0.0,413196.0,195439.0,217757.0
大台日盤 比例,0.5,勝率 > 50%,20241119,-54.0,-54.0,0.0,413142.0,195385.0,217757.0
大台日盤 比例,0.5,勝率 > 50%,20241128,3504.0,0.0,3504.0,416646.0,195385.0,221261.0
大台日盤 比例,0.5,勝率 > 50%,20250113,-50.0,0.0,-50.0,416596.0,195385.0,221211.0
大台日盤 比例,0.5,勝率 > 50%,20250203,-4104.0,-4104.0,0.0,412492.0,191281.0,221211.0
大台日盤 比例,0.5,勝率 > 50%,20250305,3348.0,0.0,3348.0,415840.0,191281.0,224559.0
大台日盤 比例,0.5,勝率 > 50%,20250310,-1450.0,-1450.0,0.0,414390.0,189831.0,224559.0
大台日盤 比例,0.5,勝率 > 50%,20250408,55834.0,55208.0,626.0,470224.0,245039.0,225185.0
大台日盤 比例,0.5,勝率 > 50%,20250409,86180.0,3248.0,82932.0,556404.0,248287.0,308117.0
大台日盤 比例,0.5,勝率 > 50%,20250411,3380.0,5266.0,-1886.0,559784.0,253553.0,306231.0
大台日盤 比例,0.5,勝率 > 50%,20250414,3750.0,4146.0,-396.0,563534.0,257699.0,305835.0
大台日盤 比例,0.5,勝率 > 50%,20250415,-5252.0,-5252.0,0.0,558282.0,252447.0,305835.0
大台日盤 比例,0.5,勝率 > 50%,20250505,968.0,0.0,968.0,559250.0,252447.0,306803.0
大台日盤 比例,0.5,勝率 > 50%,20250506,-8564.0,-3868.0,-4696.0,550686.0,248579.0,302107.0
大台日盤 比例,0.5,勝率 > 50%,20250623,-1724.0,-2040.0,316.0,548962.0,246539.0,302423.0
大台日盤 比例,0.5,勝率 > 50%,20250901,1472.0,0.0,1472.0,550434.0,246539.0,303895.0
大台日盤 比例,0.5,勝率 > 50%,20250908,-668.0,-668.0,0.0,549766.0,245871.0,303895.0
大台日盤 比例,0.5,勝率 > 50%,20251014,-7686.0,0.0,-7686.0,542080.0,245871.0,296209.0
大台日盤 比例,0.5,勝率 > 50%,20251016,-1980.0,0.0,-1980.0,540100.0,245871.0,294229.0
大台日盤 比例,0.5,勝率 > 50%,20260129,2668.0,0.0,2668.0,542768.0,245871.0,296897.0
大台日盤 比例,0.5,勝率 > 50%,20260202,932.0,17352.0,-16420.0,543700.0,263223.0,280477.0
大台日盤 比例,0.5,勝率 > 50%,20260223,-1084.0,-1084.0,0.0,542616.0,262139.0,280477.0
大台日盤 比例,0.5,勝率 > 50%,20260303,52.0,52.0,0.0,542668.0,262191.0,280477.0
大台日盤 比例,0.5,勝率 > 50%,20260304,43521.0,35923.0,7598.0,586189.0,298114.0,288075.0
大台日盤 比例,0.5,勝率 > 50%,20260305,3520.0,-4140.0,7660.0,589709.0,293974.0,295735.0
大台日盤 比例,0.5,勝率 > 50%,20260309,73421.0,58704.0,14717.0,663130.0,352678.0,310452.0
大台日盤 比例,0.5,勝率 > 50%,20260310,-6464.0,-8934.0,2470.0,656666.0,343744.0,312922.0
大台日盤 比例,0.5,勝率 > 50%,20260311,9458.0,0.0,9458.0,666124.0,343744.0,322380.0
大台日盤 比例,0.5,勝率 > 50%,20260312,-2738.0,-2738.0,0.0,663386.0,341006.0,322380.0
大台日盤 比例,0.5,勝率 > 50%,20260313,-934.0,0.0,-934.0,662452.0,341006.0,321446.0
大台日盤 比例,0.5,勝率 > 50%,20260317,1320.0,0.0,1320.0,663772.0,341006.0,322766.0
大台日盤 比例,0.5,勝率 > 50%,20260320,-1338.0,0.0,-1338.0,662434.0,341006.0,321428.0
大台日盤 比例,0.5,勝率 > 50%,20260323,-13062.0,-6532.0,-6530.0,649372.0,334474.0,314898.0
大台日盤 比例,0.5,勝率 > 50%,20260324,-47450.0,-4861.0,-42589.0,601922.0,329613.0,272309.0
大台日盤 比例,0.5,勝率 > 50%,20260325,3660.0,0.0,3660.0,605582.0,329613.0,275969.0
大台日盤 比例,0.5,勝率 > 50%,20260331,3340.0,0.0,3340.0,608922.0,329613.0,279309.0
大台日盤 比例,0.5,勝率 > 50%,20260401,11066.0,0.0,11066.0,619988.0,329613.0,290375.0
大台日盤 比例,0.5,勝率 > 50%,20260413,3646.0,3646.0,0.0,623634.0,333259.0,290375.0
大台日盤 比例,0.5,勝率 > 50%,20260421,-4373.0,0.0,-4373.0,619261.0,333259.0,286002.0
大台日盤 比例,0.5,勝率 > 50%,20260423,16176.0,-17108.0,33284.0,635437.0,316151.0,319286.0
大台日盤 比例,0.5,勝率 > 50%,20260424,2478.0,-4764.0,7242.0,637915.0,311387.0,326528.0
大台日盤 比例,0.5,勝率 > 50%,20260427,-10344.0,-14984.0,4640.0,627571.0,296403.0,331168.0
大台日盤 比例,0.5,勝率 > 50%,20260430,14412.0,0.0,14412.0,641983.0,296403.0,345580.0
大台日盤 比例,0.5,勝率 > 50%,20260506,8400.0,1200.0,7200.0,650383.0,297603.0,352780.0
大台日盤 比例,0.5,勝率 > 50%,20260515,6988.0,5596.0,1392.0,657371.0,303199.0,354172.0
大台日盤 比例,0.5,勝率 > 50%,20260518,10824.0,0.0,10824.0,668195.0,303199.0,364996.0
大台日盤 比例,0.5,勝率 > 50%,20260527,20526.0,0.0,20526.0,688721.0,303199.0,385522.0
大台日盤 比例,0.5,勝率 > 50%,20260528,87351.0,578.0,86773.0,776072.0,303777.0,472295.0
大台日盤 比例,0.5,勝率 > 50%,20260529,-7030.0,-7030.0,0.0,769042.0,296747.0,472295.0
大台日盤 比例,0.5,勝率 > 50%,20260601,6128.0,3764.0,2364.0,775170.0,300511.0,474659.0
大台日盤 比例,0.5,勝率 > 50%,20260605,-1761.0,14137.0,-15898.0,773409.0,314648.0,458761.0
大台日盤 比例,0.5,勝率 > 50%,20260608,82849.0,25325.0,57524.0,856258.0,339973.0,516285.0
大台日盤 比例,0.5,勝率 > 50%,20260609,-1244.0,0.0,-1244.0,855014.0,339973.0,515041.0
大台日盤 比例,0.5,勝率 > 50%,20260610,47437.0,15483.0,31954.0,902451.0,355456.0,546995.0
大台日盤 比例,0.5,勝率 > 50%,20260611,5316.0,24745.0,-19429.0,907767.0,380201.0,527566.0
大台日盤 比例,0.5,勝率 > 50%,20260612,-29475.0,0.0,-29475.0,878292.0,380201.0,498091.0
大台日盤 比例,0.5,勝率 > 50%,20260618,-9768.0,-2484.0,-7284.0,868524.0,377717.0,490807.0
大台日盤 比例,0.5,勝率 > 50%,20260623,-15516.0,342.0,-15858.0,853008.0,378059.0,474949.0
大台日盤 比例,0.5,勝率 > 50%,20260624,6517.0,6517.0,0.0,859525.0,384576.0,474949.0
大台日盤 比例,0.5,勝率 > 50%,20260625,-4242.0,0.0,-4242.0,855283.0,384576.0,470707.0
大台日盤 比例,0.5,勝率 > 50%,20260626,8250.0,-1858.0,10108.0,863533.0,382718.0,480815.0
大台日盤 比例,0.6,勝率 > 60%,20200203,2040.0,2040.0,0.0,2040.0,2040.0,0.0
大台日盤 比例,0.6,勝率 > 60%,20200312,-1318.0,3144.0,-4462.0,722.0,5184.0,-4462.0
大台日盤 比例,0.6,勝率 > 60%,20200313,4128.0,2274.0,1854.0,4850.0,7458.0,-2608.0
大台日盤 比例,0.6,勝率 > 60%,20200316,8754.0,1504.0,7250.0,13604.0,8962.0,4642.0
大台日盤 比例,0.6,勝率 > 60%,20200317,52083.0,25743.0,26340.0,65687.0,34705.0,30982.0
大台日盤 比例,0.6,勝率 > 60%,20200318,2874.0,-290.0,3164.0,68561.0,34415.0,34146.0
大台日盤 比例,0.6,勝率 > 60%,20200319,50412.0,14158.0,36254.0,118973.0,48573.0,70400.0
大台日盤 比例,0.6,勝率 > 60%,20200320,15529.0,13213.0,2316.0,134502.0,61786.0,72716.0
大台日盤 比例,0.6,勝率 > 60%,20200323,5080.0,3300.0,1780.0,139582.0,65086.0,74496.0
大台日盤 比例,0.6,勝率 > 60%,20200324,656.0,0.0,656.0,140238.0,65086.0,75152.0
大台日盤 比例,0.6,勝率 > 60%,20200326,5961.0,-346.0,6307.0,146199.0,64740.0,81459.0
大台日盤 比例,0.6,勝率 > 60%,20200330,3824.0,0.0,3824.0,150023.0,64740.0,85283.0
大台日盤 比例,0.6,勝率 > 60%,20200406,252.0,0.0,252.0,150275.0,64740.0,85535.0
大台日盤 比例,0.6,勝率 > 60%,20200427,-354.0,0.0,-354.0,149921.0,64740.0,85181.0
大台日盤 比例,0.6,勝率 > 60%,20200728,4030.0,0.0,4030.0,153951.0,64740.0,89211.0
大台日盤 比例,0.6,勝率 > 60%,20201125,1420.0,0.0,1420.0,155371.0,64740.0,90631.0
大台日盤 比例,0.6,勝率 > 60%,20210118,819.0,0.0,819.0,156190.0,64740.0,91450.0
大台日盤 比例,0.6,勝率 > 60%,20210205,2003.0,2003.0,0.0,158193.0,66743.0,91450.0
大台日盤 比例,0.6,勝率 > 60%,20210512,81494.0,14440.0,67054.0,239687.0,81183.0,158504.0
大台日盤 比例,0.6,勝率 > 60%,20210513,20418.0,16412.0,4006.0,260105.0,97595.0,162510.0
大台日盤 比例,0.6,勝率 > 60%,20210517,25049.0,30037.0,-4988.0,285154.0,127632.0,157522.0
大台日盤 比例,0.6,勝率 > 60%,20210518,3604.0,0.0,3604.0,288758.0,127632.0,161126.0
大台日盤 比例,0.6,勝率 > 60%,20210520,2004.0,2004.0,0.0,290762.0,129636.0,161126.0
大台日盤 比例,0.6,勝率 > 60%,20210607,-1218.0,0.0,-1218.0,289544.0,129636.0,159908.0
大台日盤 比例,0.6,勝率 > 60%,20210728,3192.0,3192.0,0.0,292736.0,132828.0,159908.0
大台日盤 比例,0.6,勝率 > 60%,20220704,3832.0,3832.0,0.0,296568.0,136660.0,159908.0
大台日盤 比例,0.6,勝率 > 60%,20220705,-1782.0,0.0,-1782.0,294786.0,136660.0,158126.0
大台日盤 比例,0.6,勝率 > 60%,20240729,752.0,0.0,752.0,295538.0,136660.0,158878.0
大台日盤 比例,0.6,勝率 > 60%,20240805,22620.0,10740.0,11880.0,318158.0,147400.0,170758.0
大台日盤 比例,0.6,勝率 > 60%,20240806,4241.0,27278.0,-23037.0,322399.0,174678.0,147721.0
大台日盤 比例,0.6,勝率 > 60%,20240807,12526.0,0.0,12526.0,334925.0,174678.0,160247.0
大台日盤 比例,0.6,勝率 > 60%,20240808,-3272.0,0.0,-3272.0,331653.0,174678.0,156975.0
大台日盤 比例,0.6,勝率 > 60%,20241106,1544.0,1544.0,0.0,333197.0,176222.0,156975.0
大台日盤 比例,0.6,勝率 > 60%,20250408,66870.0,59122.0,7748.0,400067.0,235344.0,164723.0
大台日盤 比例,0.6,勝率 > 60%,20250409,51069.0,28533.0,22536.0,451136.0,263877.0,187259.0
大台日盤 比例,0.6,勝率 > 60%,20250411,10758.0,0.0,10758.0,461894.0,263877.0,198017.0
大台日盤 比例,0.6,勝率 > 60%,20250414,1716.0,0.0,1716.0,463610.0,263877.0,199733.0
大台日盤 比例,0.6,勝率 > 60%,20260202,-6648.0,0.0,-6648.0,456962.0,263877.0,193085.0
大台日盤 比例,0.6,勝率 > 60%,20260303,52.0,52.0,0.0,457014.0,263929.0,193085.0
大台日盤 比例,0.6,勝率 > 60%,20260304,27929.0,21797.0,6132.0,484943.0,285726.0,199217.0
大台日盤 比例,0.6,勝率 > 60%,20260309,4906.0,0.0,4906.0,489849.0,285726.0,204123.0
大台日盤 比例,0.6,勝率 > 60%,20260323,-6530.0,0.0,-6530.0,483319.0,285726.0,197593.0
大台日盤 比例,0.6,勝率 > 60%,20260423,-320.0,-1948.0,1628.0,482999.0,283778.0,199221.0
大台日盤 比例,0.6,勝率 > 60%,20260424,2422.0,0.0,2422.0,485421.0,283778.0,201643.0
大台日盤 比例,0.6,勝率 > 60%,20260427,9210.0,0.0,9210.0,494631.0,283778.0,210853.0
大台日盤 比例,0.6,勝率 > 60%,20260527,6832.0,0.0,6832.0,501463.0,283778.0,217685.0
大台日盤 比例,0.6,勝率 > 60%,20260528,64674.0,0.0,64674.0,566137.0,283778.0,282359.0
大台日盤 比例,0.6,勝率 > 60%,20260601,2364.0,0.0,2364.0,568501.0,283778.0,284723.0
大台日盤 比例,0.6,勝率 > 60%,20260608,55511.0,29539.0,25972.0,624012.0,313317.0,310695.0
大台日盤 比例,0.6,勝率 > 60%,20260610,8779.0,8779.0,0.0,632791.0,322096.0,310695.0
大台日盤 比例,0.6,勝率 > 60%,20260626,2164.0,0.0,2164.0,634955.0,322096.0,312859.0
大台日盤 比例,0.7,勝率 > 70%,20200312,-3012.0,2096.0,-5108.0,-3012.0,2096.0,-5108.0
大台日盤 比例,0.7,勝率 > 70%,20200313,9776.0,7922.0,1854.0,6764.0,10018.0,-3254.0
大台日盤 比例,0.7,勝率 > 70%,20200316,4852.0,452.0,4400.0,11616.0,10470.0,1146.0
大台日盤 比例,0.7,勝率 > 70%,20200317,46266.0,19926.0,26340.0,57882.0,30396.0,27486.0
大台日盤 比例,0.7,勝率 > 70%,20200318,910.0,-1744.0,2654.0,58792.0,28652.0,30140.0
大台日盤 比例,0.7,勝率 > 70%,20200319,46566.0,15896.0,30670.0,105358.0,44548.0,60810.0
大台日盤 比例,0.7,勝率 > 70%,20200320,12671.0,10355.0,2316.0,118029.0,54903.0,63126.0
大台日盤 比例,0.7,勝率 > 70%,20200323,-160.0,920.0,-1080.0,117869.0,55823.0,62046.0
大台日盤 比例,0.7,勝率 > 70%,20200330,3824.0,0.0,3824.0,121693.0,55823.0,65870.0
大台日盤 比例,0.7,勝率 > 70%,20200427,-354.0,0.0,-354.0,121339.0,55823.0,65516.0
大台日盤 比例,0.7,勝率 > 70%,20200728,4030.0,0.0,4030.0,125369.0,55823.0,69546.0
大台日盤 比例,0.7,勝率 > 70%,20201125,1420.0,0.0,1420.0,126789.0,55823.0,70966.0
大台日盤 比例,0.7,勝率 > 70%,20210512,64676.0,13436.0,51240.0,191465.0,69259.0,122206.0
大台日盤 比例,0.7,勝率 > 70%,20210513,20418.0,16412.0,4006.0,211883.0,85671.0,126212.0
大台日盤 比例,0.7,勝率 > 70%,20210517,13432.0,17026.0,-3594.0,225315.0,102697.0,122618.0
大台日盤 比例,0.7,勝率 > 70%,20210518,3604.0,0.0,3604.0,228919.0,102697.0,126222.0
大台日盤 比例,0.7,勝率 > 70%,20210607,1588.0,0.0,1588.0,230507.0,102697.0,127810.0
大台日盤 比例,0.7,勝率 > 70%,20210728,3192.0,3192.0,0.0,233699.0,105889.0,127810.0
大台日盤 比例,0.7,勝率 > 70%,20220704,3832.0,3832.0,0.0,237531.0,109721.0,127810.0
大台日盤 比例,0.7,勝率 > 70%,20220705,-1782.0,0.0,-1782.0,235749.0,109721.0,126028.0
大台日盤 比例,0.7,勝率 > 70%,20240729,752.0,0.0,752.0,236501.0,109721.0,126780.0
大台日盤 比例,0.7,勝率 > 70%,20240805,19280.0,10740.0,8540.0,255781.0,120461.0,135320.0
大台日盤 比例,0.7,勝率 > 70%,20240806,65858.0,26172.0,39686.0,321639.0,146633.0,175006.0
大台日盤 比例,0.7,勝率 > 70%,20240807,12526.0,0.0,12526.0,334165.0,146633.0,187532.0
大台日盤 比例,0.7,勝率 > 70%,20240808,164.0,0.0,164.0,334329.0,146633.0,187696.0
大台日盤 比例,0.7,勝率 > 70%,20241106,1544.0,1544.0,0.0,335873.0,148177.0,187696.0
大台日盤 比例,0.7,勝率 > 70%,20250408,58722.0,58140.0,582.0,394595.0,206317.0,188278.0
大台日盤 比例,0.7,勝率 > 70%,20250409,45119.0,29149.0,15970.0,439714.0,235466.0,204248.0
大台日盤 比例,0.7,勝率 > 70%,20250411,5978.0,0.0,5978.0,445692.0,235466.0,210226.0
大台日盤 比例,0.7,勝率 > 70%,20250414,5544.0,0.0,5544.0,451236.0,235466.0,215770.0
大台日盤 比例,0.7,勝率 > 70%,20260202,476.0,0.0,476.0,451712.0,235466.0,216246.0
大台日盤 比例,0.7,勝率 > 70%,20260303,52.0,52.0,0.0,451764.0,235518.0,216246.0
大台日盤 比例,0.7,勝率 > 70%,20260304,6132.0,0.0,6132.0,457896.0,235518.0,222378.0
大台日盤 比例,0.7,勝率 > 70%,20260309,6752.0,0.0,6752.0,464648.0,235518.0,229130.0
大台日盤 比例,0.7,勝率 > 70%,20260423,1628.0,0.0,1628.0,466276.0,235518.0,230758.0
大台日盤 比例,0.7,勝率 > 70%,20260424,2422.0,0.0,2422.0,468698.0,235518.0,233180.0
大台日盤 比例,0.7,勝率 > 70%,20260527,11745.0,0.0,11745.0,480443.0,235518.0,244925.0
大台日盤 比例,0.7,勝率 > 70%,20260528,56096.0,0.0,56096.0,536539.0,235518.0,301021.0
大台日盤 比例,0.7,勝率 > 70%,20260601,2364.0,0.0,2364.0,538903.0,235518.0,303385.0
大台日盤 比例,0.7,勝率 > 70%,20260608,36126.0,10154.0,25972.0,575029.0,245672.0,329357.0
大台日盤 比例,0.7,勝率 > 70%,20260610,8779.0,8779.0,0.0,583808.0,254451.0,329357.0
大台日盤 比例,0.8,勝率 > 80%,20200312,2096.0,2096.0,0.0,2096.0,2096.0,0.0
大台日盤 比例,0.8,勝率 > 80%,20200313,7810.0,7810.0,0.0,9906.0,9906.0,0.0
大台日盤 比例,0.8,勝率 > 80%,20200316,4852.0,452.0,4400.0,14758.0,10358.0,4400.0
大台日盤 比例,0.8,勝率 > 80%,20200317,41102.0,18870.0,22232.0,55860.0,29228.0,26632.0
大台日盤 比例,0.8,勝率 > 80%,20200319,41594.0,15110.0,26484.0,97454.0,44338.0,53116.0
大台日盤 比例,0.8,勝率 > 80%,20200320,8095.0,6037.0,2058.0,105549.0,50375.0,55174.0
大台日盤 比例,0.8,勝率 > 80%,20200323,-160.0,920.0,-1080.0,105389.0,51295.0,54094.0
大台日盤 比例,0.8,勝率 > 80%,20200330,3824.0,0.0,3824.0,109213.0,51295.0,57918.0
大台日盤 比例,0.8,勝率 > 80%,20200728,4030.0,0.0,4030.0,113243.0,51295.0,61948.0
大台日盤 比例,0.8,勝率 > 80%,20201125,1420.0,0.0,1420.0,114663.0,51295.0,63368.0
大台日盤 比例,0.8,勝率 > 80%,20210512,41650.0,10828.0,30822.0,156313.0,62123.0,94190.0
大台日盤 比例,0.8,勝率 > 80%,20210513,20418.0,16412.0,4006.0,176731.0,78535.0,98196.0
大台日盤 比例,0.8,勝率 > 80%,20210517,14420.0,14420.0,0.0,191151.0,92955.0,98196.0
大台日盤 比例,0.8,勝率 > 80%,20210607,994.0,0.0,994.0,192145.0,92955.0,99190.0
大台日盤 比例,0.8,勝率 > 80%,20210728,1796.0,1796.0,0.0,193941.0,94751.0,99190.0
大台日盤 比例,0.8,勝率 > 80%,20220704,3832.0,3832.0,0.0,197773.0,98583.0,99190.0
大台日盤 比例,0.8,勝率 > 80%,20240805,12110.0,3570.0,8540.0,209883.0,102153.0,107730.0
大台日盤 比例,0.8,勝率 > 80%,20240806,62290.0,26172.0,36118.0,272173.0,128325.0,143848.0
大台日盤 比例,0.8,勝率 > 80%,20240807,5764.0,0.0,5764.0,277937.0,128325.0,149612.0
大台日盤 比例,0.8,勝率 > 80%,20241106,1544.0,1544.0,0.0,279481.0,129869.0,149612.0
大台日盤 比例,0.8,勝率 > 80%,20250408,58722.0,58140.0,582.0,338203.0,188009.0,150194.0
大台日盤 比例,0.8,勝率 > 80%,20250409,28749.0,18964.0,9785.0,366952.0,206973.0,159979.0
大台日盤 比例,0.8,勝率 > 80%,20250411,5978.0,0.0,5978.0,372930.0,206973.0,165957.0
大台日盤 比例,0.8,勝率 > 80%,20250414,5544.0,0.0,5544.0,378474.0,206973.0,171501.0
大台日盤 比例,0.8,勝率 > 80%,20260303,52.0,52.0,0.0,378526.0,207025.0,171501.0
大台日盤 比例,0.8,勝率 > 80%,20260304,6132.0,0.0,6132.0,384658.0,207025.0,177633.0
大台日盤 比例,0.8,勝率 > 80%,20260309,2876.0,0.0,2876.0,387534.0,207025.0,180509.0
大台日盤 比例,0.8,勝率 > 80%,20260423,1628.0,0.0,1628.0,389162.0,207025.0,182137.0
大台日盤 比例,0.8,勝率 > 80%,20260424,2422.0,0.0,2422.0,391584.0,207025.0,184559.0
大台日盤 比例,0.8,勝率 > 80%,20260528,56096.0,0.0,56096.0,447680.0,207025.0,240655.0
大台日盤 比例,0.8,勝率 > 80%,20260608,43154.0,10368.0,32786.0,490834.0,217393.0,273441.0
大台日盤 比例,0.9,勝率 > 90%,20200312,2096.0,2096.0,0.0,2096.0,2096.0,0.0
大台日盤 比例,0.9,勝率 > 90%,20200313,6958.0,6958.0,0.0,9054.0,9054.0,0.0
大台日盤 比例,0.9,勝率 > 90%,20200316,4852.0,452.0,4400.0,13906.0,9506.0,4400.0
大台日盤 比例,0.9,勝率 > 90%,20200317,41102.0,18870.0,22232.0,55008.0,28376.0,26632.0
大台日盤 比例,0.9,勝率 > 90%,20200319,43932.0,15110.0,28822.0,98940.0,43486.0,55454.0
大台日盤 比例,0.9,勝率 > 90%,20200320,8095.0,6037.0,2058.0,107035.0,49523.0,57512.0
大台日盤 比例,0.9,勝率 > 90%,20200323,1980.0,920.0,1060.0,109015.0,50443.0,58572.0
大台日盤 比例,0.9,勝率 > 90%,20200330,2512.0,0.0,2512.0,111527.0,50443.0,61084.0
大台日盤 比例,0.9,勝率 > 90%,20200728,4030.0,0.0,4030.0,115557.0,50443.0,65114.0
大台日盤 比例,0.9,勝率 > 90%,20201125,1420.0,0.0,1420.0,116977.0,50443.0,66534.0
大台日盤 比例,0.9,勝率 > 90%,20210512,23232.0,7220.0,16012.0,140209.0,57663.0,82546.0
大台日盤 比例,0.9,勝率 > 90%,20210513,14214.0,10208.0,4006.0,154423.0,67871.0,86552.0
大台日盤 比例,0.9,勝率 > 90%,20210517,14420.0,14420.0,0.0,168843.0,82291.0,86552.0
大台日盤 比例,0.9,勝率 > 90%,20220704,2016.0,2016.0,0.0,170859.0,84307.0,86552.0
大台日盤 比例,0.9,勝率 > 90%,20240805,3570.0,3570.0,0.0,174429.0,87877.0,86552.0
大台日盤 比例,0.9,勝率 > 90%,20240806,62124.0,26172.0,35952.0,236553.0,114049.0,122504.0
大台日盤 比例,0.9,勝率 > 90%,20241106,1544.0,1544.0,0.0,238097.0,115593.0,122504.0
大台日盤 比例,0.9,勝率 > 90%,20250408,58722.0,58140.0,582.0,296819.0,173733.0,123086.0
大台日盤 比例,0.9,勝率 > 90%,20250409,28749.0,18964.0,9785.0,325568.0,192697.0,132871.0
大台日盤 比例,0.9,勝率 > 90%,20250411,5978.0,0.0,5978.0,331546.0,192697.0,138849.0
大台日盤 比例,0.9,勝率 > 90%,20250414,5544.0,0.0,5544.0,337090.0,192697.0,144393.0
大台日盤 比例,0.9,勝率 > 90%,20260304,4066.0,0.0,4066.0,341156.0,192697.0,148459.0
大台日盤 比例,0.9,勝率 > 90%,20260423,1628.0,0.0,1628.0,342784.0,192697.0,150087.0
大台日盤 比例,0.9,勝率 > 90%,20260424,2422.0,0.0,2422.0,345206.0,192697.0,152509.0
大台日盤 比例,0.9,勝率 > 90%,20260528,49116.0,0.0,49116.0,394322.0,192697.0,201625.0
大台日盤 比例,0.9,勝率 > 90%,20260608,43154.0,10368.0,32786.0,437476.0,203065.0,234411.0
大台日盤 比例,1.0,勝率 = 100%,20200312,2096.0,2096.0,0.0,2096.0,2096.0,0.0
大台日盤 比例,1.0,勝率 = 100%,20200313,6958.0,6958.0,0.0,9054.0,9054.0,0.0
大台日盤 比例,1.0,勝率 = 100%,20200316,4852.0,452.0,4400.0,13906.0,9506.0,4400.0
大台日盤 比例,1.0,勝率 = 100%,20200317,41102.0,18870.0,22232.0,55008.0,28376.0,26632.0
大台日盤 比例,1.0,勝率 = 100%,20200319,43932.0,15110.0,28822.0,98940.0,43486.0,55454.0
大台日盤 比例,1.0,勝率 = 100%,20200320,8095.0,6037.0,2058.0,107035.0,49523.0,57512.0
大台日盤 比例,1.0,勝率 = 100%,20200323,1980.0,920.0,1060.0,109015.0,50443.0,58572.0
大台日盤 比例,1.0,勝率 = 100%,20200330,2512.0,0.0,2512.0,111527.0,50443.0,61084.0
大台日盤 比例,1.0,勝率 = 100%,20200728,4030.0,0.0,4030.0,115557.0,50443.0,65114.0
大台日盤 比例,1.0,勝率 = 100%,20201125,1420.0,0.0,1420.0,116977.0,50443.0,66534.0
大台日盤 比例,1.0,勝率 = 100%,20210512,23232.0,7220.0,16012.0,140209.0,57663.0,82546.0
大台日盤 比例,1.0,勝率 = 100%,20210513,14214.0,10208.0,4006.0,154423.0,67871.0,86552.0
大台日盤 比例,1.0,勝率 = 100%,20210517,14420.0,14420.0,0.0,168843.0,82291.0,86552.0
大台日盤 比例,1.0,勝率 = 100%,20220704,2016.0,2016.0,0.0,170859.0,84307.0,86552.0
大台日盤 比例,1.0,勝率 = 100%,20240805,3570.0,3570.0,0.0,174429.0,87877.0,86552.0
大台日盤 比例,1.0,勝率 = 100%,20240806,62124.0,26172.0,35952.0,236553.0,114049.0,122504.0
大台日盤 比例,1.0,勝率 = 100%,20241106,1544.0,1544.0,0.0,238097.0,115593.0,122504.0
大台日盤 比例,1.0,勝率 = 100%,20250408,58722.0,58140.0,582.0,296819.0,173733.0,123086.0
大台日盤 比例,1.0,勝率 = 100%,20250409,28749.0,18964.0,9785.0,325568.0,192697.0,132871.0
大台日盤 比例,1.0,勝率 = 100%,20250411,5978.0,0.0,5978.0,331546.0,192697.0,138849.0
大台日盤 比例,1.0,勝率 = 100%,20250414,5544.0,0.0,5544.0,337090.0,192697.0,144393.0
大台日盤 比例,1.0,勝率 = 100%,20260304,4066.0,0.0,4066.0,341156.0,192697.0,148459.0
大台日盤 比例,1.0,勝率 = 100%,20260423,1628.0,0.0,1628.0,342784.0,192697.0,150087.0
大台日盤 比例,1.0,勝率 = 100%,20260424,2422.0,0.0,2422.0,345206.0,192697.0,152509.0
大台日盤 比例,1.0,勝率 = 100%,20260528,49116.0,0.0,49116.0,394322.0,192697.0,201625.0
大台日盤 比例,1.0,勝率 = 100%,20260608,43154.0,10368.0,32786.0,437476.0,203065.0,234411.0
大台全日 比例,0.5,勝率 > 50%,20200309,-3558.0,0.0,-3558.0,-3558.0,0.0,-3558.0
大台全日 比例,0.5,勝率 > 50%,20200312,6338.0,4646.0,1692.0,2780.0,4646.0,-1866.0
大台全日 比例,0.5,勝率 > 50%,20200313,29991.0,13821.0,16170.0,32771.0,18467.0,14304.0
大台全日 比例,0.5,勝率 > 50%,20200314,3650.0,4000.0,-350.0,36421.0,22467.0,13954.0
大台全日 比例,0.5,勝率 > 50%,20200316,8046.0,6668.0,1378.0,44467.0,29135.0,15332.0
大台全日 比例,0.5,勝率 > 50%,20200317,7870.0,13641.0,-5771.0,52337.0,42776.0,9561.0
大台全日 比例,0.5,勝率 > 50%,20200318,23346.0,33796.0,-10450.0,75683.0,76572.0,-889.0
大台全日 比例,0.5,勝率 > 50%,20200319,32384.0,5328.0,27056.0,108067.0,81900.0,26167.0
大台全日 比例,0.5,勝率 > 50%,20200320,26235.0,7257.0,18978.0,134302.0,89157.0,45145.0
大台全日 比例,0.5,勝率 > 50%,20200321,-1968.0,-2884.0,916.0,132334.0,86273.0,46061.0
大台全日 比例,0.5,勝率 > 50%,20200323,-10256.0,834.0,-11090.0,122078.0,87107.0,34971.0
大台全日 比例,0.5,勝率 > 50%,20200324,3456.0,-1620.0,5076.0,125534.0,85487.0,40047.0
大台全日 比例,0.5,勝率 > 50%,20200325,2908.0,1454.0,1454.0,128442.0,86941.0,41501.0
大台全日 比例,0.5,勝率 > 50%,20200326,4962.0,0.0,4962.0,133404.0,86941.0,46463.0
大台全日 比例,0.5,勝率 > 50%,20200327,-94.0,-746.0,652.0,133310.0,86195.0,47115.0
大台全日 比例,0.5,勝率 > 50%,20200330,4222.0,0.0,4222.0,137532.0,86195.0,51337.0
大台全日 比例,0.5,勝率 > 50%,20200406,2904.0,0.0,2904.0,140436.0,86195.0,54241.0
大台全日 比例,0.5,勝率 > 50%,20200408,-550.0,0.0,-550.0,139886.0,86195.0,53691.0
大台全日 比例,0.5,勝率 > 50%,20200424,3448.0,0.0,3448.0,143334.0,86195.0,57139.0
大台全日 比例,0.5,勝率 > 50%,20200427,-2708.0,-2354.0,-354.0,140626.0,83841.0,56785.0
大台全日 比例,0.5,勝率 > 50%,20200707,2268.0,0.0,2268.0,142894.0,83841.0,59053.0
大台全日 比例,0.5,勝率 > 50%,20200728,-914.0,-3172.0,2258.0,141980.0,80669.0,61311.0
大台全日 比例,0.5,勝率 > 50%,20200820,-22071.0,-5704.0,-16367.0,119909.0,74965.0,44944.0
大台全日 比例,0.5,勝率 > 50%,20201125,1420.0,0.0,1420.0,121329.0,74965.0,46364.0
大台全日 比例,0.5,勝率 > 50%,20210106,-188.0,-188.0,0.0,121141.0,74777.0,46364.0
大台全日 比例,0.5,勝率 > 50%,20210118,819.0,0.0,819.0,121960.0,74777.0,47183.0
大台全日 比例,0.5,勝率 > 50%,20210125,-2196.0,0.0,-2196.0,119764.0,74777.0,44987.0
大台全日 比例,0.5,勝率 > 50%,20210205,2003.0,2003.0,0.0,121767.0,76780.0,44987.0
大台全日 比例,0.5,勝率 > 50%,20210226,4602.0,0.0,4602.0,126369.0,76780.0,49589.0
大台全日 比例,0.5,勝率 > 50%,20210510,-6816.0,0.0,-6816.0,119553.0,76780.0,42773.0
大台全日 比例,0.5,勝率 > 50%,20210512,73304.0,9444.0,63860.0,192857.0,86224.0,106633.0
大台全日 比例,0.5,勝率 > 50%,20210513,29434.0,25026.0,4408.0,222291.0,111250.0,111041.0
大台全日 比例,0.5,勝率 > 50%,20210514,-2396.0,-2396.0,0.0,219895.0,108854.0,111041.0
大台全日 比例,0.5,勝率 > 50%,20210517,39467.0,28441.0,11026.0,259362.0,137295.0,122067.0
大台全日 比例,0.5,勝率 > 50%,20210518,-2994.0,-2994.0,0.0,256368.0,134301.0,122067.0
大台全日 比例,0.5,勝率 > 50%,20210521,598.0,0.0,598.0,256966.0,134301.0,122665.0
大台全日 比例,0.5,勝率 > 50%,20210525,-2.0,0.0,-2.0,256964.0,134301.0,122663.0
大台全日 比例,0.5,勝率 > 50%,20210607,-1424.0,-206.0,-1218.0,255540.0,134095.0,121445.0
大台全日 比例,0.5,勝率 > 50%,20210719,-2612.0,0.0,-2612.0,252928.0,134095.0,118833.0
大台全日 比例,0.5,勝率 > 50%,20210728,3192.0,3192.0,0.0,256120.0,137287.0,118833.0
大台全日 比例,0.5,勝率 > 50%,20210820,0.0,0.0,0.0,256120.0,137287.0,118833.0
大台全日 比例,0.5,勝率 > 50%,20220215,3187.0,0.0,3187.0,259307.0,137287.0,122020.0
大台全日 比例,0.5,勝率 > 50%,20220308,-4004.0,-4004.0,0.0,255303.0,133283.0,122020.0
大台全日 比例,0.5,勝率 > 50%,20220616,-394.0,0.0,-394.0,254909.0,133283.0,121626.0
大台全日 比例,0.5,勝率 > 50%,20220704,-1768.0,-1768.0,0.0,253141.0,131515.0,121626.0
大台全日 比例,0.5,勝率 > 50%,20220705,-1782.0,0.0,-1782.0,251359.0,131515.0,119844.0
大台全日 比例,0.5,勝率 > 50%,20220913,4612.0,0.0,4612.0,255971.0,131515.0,124456.0
大台全日 比例,0.5,勝率 > 50%,20220922,2415.0,0.0,2415.0,258386.0,131515.0,126871.0
大台全日 比例,0.5,勝率 > 50%,20221013,-4175.0,-4175.0,0.0,254211.0,127340.0,126871.0
大台全日 比例,0.5,勝率 > 50%,20221014,-174.0,-174.0,0.0,254037.0,127166.0,126871.0
大台全日 比例,0.5,勝率 > 50%,20221024,1226.0,1226.0,0.0,255263.0,128392.0,126871.0
大台全日 比例,0.5,勝率 > 50%,20221026,-1172.0,-1172.0,0.0,254091.0,127220.0,126871.0
大台全日 比例,0.5,勝率 > 50%,20221103,2626.0,0.0,2626.0,256717.0,127220.0,129497.0
大台全日 比例,0.5,勝率 > 50%,20221110,1422.0,1422.0,0.0,258139.0,128642.0,129497.0
大台全日 比例,0.5,勝率 > 50%,20221201,1212.0,0.0,1212.0,259351.0,128642.0,130709.0
大台全日 比例,0.5,勝率 > 50%,20221209,6812.0,0.0,6812.0,266163.0,128642.0,137521.0
大台全日 比例,0.5,勝率 > 50%,20221215,3226.0,0.0,3226.0,269389.0,128642.0,140747.0
大台全日 比例,0.5,勝率 > 50%,20230112,30436.0,0.0,30436.0,299825.0,128642.0,171183.0
大台全日 比例,0.5,勝率 > 50%,20240308,-2428.0,-2428.0,0.0,297397.0,126214.0,171183.0
大台全日 比例,0.5,勝率 > 50%,20240419,772.0,0.0,772.0,298169.0,126214.0,171955.0
大台全日 比例,0.5,勝率 > 50%,20240430,168.0,0.0,168.0,298337.0,126214.0,172123.0
大台全日 比例,0.5,勝率 > 50%,20240621,-5454.0,0.0,-5454.0,292883.0,126214.0,166669.0
大台全日 比例,0.5,勝率 > 50%,20240717,-1661.0,-1661.0,0.0,291222.0,124553.0,166669.0
大台全日 比例,0.5,勝率 > 50%,20240718,-2856.0,-2856.0,0.0,288366.0,121697.0,166669.0
大台全日 比例,0.5,勝率 > 50%,20240729,752.0,0.0,752.0,289118.0,121697.0,167421.0
大台全日 比例,0.5,勝率 > 50%,20240802,1760.0,0.0,1760.0,290878.0,121697.0,169181.0
大台全日 比例,0.5,勝率 > 50%,20240805,87852.0,93704.0,-5852.0,378730.0,215401.0,163329.0
大台全日 比例,0.5,勝率 > 50%,20240806,37634.0,38152.0,-518.0,416364.0,253553.0,162811.0
大台全日 比例,0.5,勝率 > 50%,20240807,12526.0,0.0,12526.0,428890.0,253553.0,175337.0
大台全日 比例,0.5,勝率 > 50%,20240808,4290.0,0.0,4290.0,433180.0,253553.0,179627.0
大台全日 比例,0.5,勝率 > 50%,20240814,13104.0,13104.0,0.0,446284.0,266657.0,179627.0
大台全日 比例,0.5,勝率 > 50%,20240829,-5848.0,0.0,-5848.0,440436.0,266657.0,173779.0
大台全日 比例,0.5,勝率 > 50%,20240904,2320.0,2320.0,0.0,442756.0,268977.0,173779.0
大台全日 比例,0.5,勝率 > 50%,20240906,762.0,0.0,762.0,443518.0,268977.0,174541.0
大台全日 比例,0.5,勝率 > 50%,20241106,1544.0,1544.0,0.0,445062.0,270521.0,174541.0
大台全日 比例,0.5,勝率 > 50%,20241115,-654.0,-654.0,0.0,444408.0,269867.0,174541.0
大台全日 比例,0.5,勝率 > 50%,20250113,950.0,950.0,0.0,445358.0,270817.0,174541.0
大台全日 比例,0.5,勝率 > 50%,20250203,-1652.0,-1652.0,0.0,443706.0,269165.0,174541.0
大台全日 比例,0.5,勝率 > 50%,20250304,5749.0,5749.0,0.0,449455.0,274914.0,174541.0
大台全日 比例,0.5,勝率 > 50%,20250311,-46.0,-46.0,0.0,449409.0,274868.0,174541.0
大台全日 比例,0.5,勝率 > 50%,20250403,32951.0,32951.0,0.0,482360.0,307819.0,174541.0
大台全日 比例,0.5,勝率 > 50%,20250407,360566.0,154043.0,206523.0,842926.0,461862.0,381064.0
大台全日 比例,0.5,勝率 > 50%,20250408,62492.0,50066.0,12426.0,905418.0,511928.0,393490.0
大台全日 比例,0.5,勝率 > 50%,20250409,113163.0,31405.0,81758.0,1018581.0,543333.0,475248.0
大台全日 比例,0.5,勝率 > 50%,20250410,403721.0,301174.0,102547.0,1422302.0,844507.0,577795.0
大台全日 比例,0.5,勝率 > 50%,20250411,62400.0,40460.0,21940.0,1484702.0,884967.0,599735.0
大台全日 比例,0.5,勝率 > 50%,20250414,5544.0,0.0,5544.0,1490246.0,884967.0,605279.0
大台全日 比例,0.5,勝率 > 50%,20250415,374.0,0.0,374.0,1490620.0,884967.0,605653.0
大台全日 比例,0.5,勝率 > 50%,20250416,4376.0,4376.0,0.0,1494996.0,889343.0,605653.0
大台全日 比例,0.5,勝率 > 50%,20250508,-6204.0,-6204.0,0.0,1488792.0,883139.0,605653.0
大台全日 比例,0.5,勝率 > 50%,20260129,2668.0,0.0,2668.0,1491460.0,883139.0,608321.0
大台全日 比例,0.5,勝率 > 50%,20260202,-7124.0,0.0,-7124.0,1484336.0,883139.0,601197.0
大台全日 比例,0.5,勝率 > 50%,20260303,-12584.0,-12584.0,0.0,1471752.0,870555.0,601197.0
大台全日 比例,0.5,勝率 > 50%,20260304,36055.0,18527.0,17528.0,1507807.0,889082.0,618725.0
大台全日 比例,0.5,勝率 > 50%,20260305,1064.0,0.0,1064.0,1508871.0,889082.0,619789.0
大台全日 比例,0.5,勝率 > 50%,20260306,-11734.0,-7066.0,-4668.0,1497137.0,882016.0,615121.0
大台全日 比例,0.5,勝率 > 50%,20260309,23680.0,0.0,23680.0,1520817.0,882016.0,638801.0
大台全日 比例,0.5,勝率 > 50%,20260310,23186.0,-1206.0,24392.0,1544003.0,880810.0,663193.0
大台全日 比例,0.5,勝率 > 50%,20260311,1466.0,1466.0,0.0,1545469.0,882276.0,663193.0
大台全日 比例,0.5,勝率 > 50%,20260313,-1134.0,-1134.0,0.0,1544335.0,881142.0,663193.0
大台全日 比例,0.5,勝率 > 50%,20260316,64.0,0.0,64.0,1544399.0,881142.0,663257.0
大台全日 比例,0.5,勝率 > 50%,20260319,2864.0,2864.0,0.0,1547263.0,884006.0,663257.0
大台全日 比例,0.5,勝率 > 50%,20260320,2194.0,3130.0,-936.0,1549457.0,887136.0,662321.0
大台全日 比例,0.5,勝率 > 50%,20260323,-299.0,-18418.0,18119.0,1549158.0,868718.0,680440.0
大台全日 比例,0.5,勝率 > 50%,20260327,14866.0,14866.0,0.0,1564024.0,883584.0,680440.0
大台全日 比例,0.5,勝率 > 50%,20260328,-530.0,-530.0,0.0,1563494.0,883054.0,680440.0
大台全日 比例,0.5,勝率 > 50%,20260330,-1132.0,-1132.0,0.0,1562362.0,881922.0,680440.0
大台全日 比例,0.5,勝率 > 50%,20260402,25144.0,23732.0,1412.0,1587506.0,905654.0,681852.0
大台全日 比例,0.5,勝率 > 50%,20260407,10064.0,0.0,10064.0,1597570.0,905654.0,691916.0
大台全日 比例,0.5,勝率 > 50%,20260408,8862.0,8862.0,0.0,1606432.0,914516.0,691916.0
大台全日 比例,0.5,勝率 > 50%,20260422,-1372.0,-1372.0,0.0,1605060.0,913144.0,691916.0
大台全日 比例,0.5,勝率 > 50%,20260423,1628.0,0.0,1628.0,1606688.0,913144.0,693544.0
大台全日 比例,0.5,勝率 > 50%,20260424,3490.0,4650.0,-1160.0,1610178.0,917794.0,692384.0
大台全日 比例,0.5,勝率 > 50%,20260427,-21164.0,-9792.0,-11372.0,1589014.0,908002.0,681012.0
大台全日 比例,0.5,勝率 > 50%,20260519,8008.0,8008.0,0.0,1597022.0,916010.0,681012.0
大台全日 比例,0.5,勝率 > 50%,20260527,18659.0,0.0,18659.0,1615681.0,916010.0,699671.0
大台全日 比例,0.5,勝率 > 50%,20260528,81793.0,0.0,81793.0,1697474.0,916010.0,781464.0
大台全日 比例,0.5,勝率 > 50%,20260601,6728.0,0.0,6728.0,1704202.0,916010.0,788192.0
大台全日 比例,0.5,勝率 > 50%,20260605,19139.0,19139.0,0.0,1723341.0,935149.0,788192.0
大台全日 比例,0.5,勝率 > 50%,20260606,328742.0,262169.0,66573.0,2052083.0,1197318.0,854765.0
大台全日 比例,0.5,勝率 > 50%,20260608,-60505.0,29539.0,-90044.0,1991578.0,1226857.0,764721.0
大台全日 比例,0.5,勝率 > 50%,20260609,-3086.0,-5220.0,2134.0,1988492.0,1221637.0,766855.0
大台全日 比例,0.5,勝率 > 50%,20260610,-31886.0,7717.0,-39603.0,1956606.0,1229354.0,727252.0
大台全日 比例,0.5,勝率 > 50%,20260611,-5860.0,8588.0,-14448.0,1950746.0,1237942.0,712804.0
大台全日 比例,0.5,勝率 > 50%,20260612,88668.0,74356.0,14312.0,2039414.0,1312298.0,727116.0
大台全日 比例,0.5,勝率 > 50%,20260618,52242.0,318.0,51924.0,2091656.0,1312616.0,779040.0
大台全日 比例,0.5,勝率 > 50%,20260623,48237.0,0.0,48237.0,2139893.0,1312616.0,827277.0
大台全日 比例,0.5,勝率 > 50%,20260624,164.0,0.0,164.0,2140057.0,1312616.0,827441.0
大台全日 比例,0.5,勝率 > 50%,20260625,-20077.0,264.0,-20341.0,2119980.0,1312880.0,807100.0
大台全日 比例,0.5,勝率 > 50%,20260626,-4836.0,-4836.0,0.0,2115144.0,1308044.0,807100.0
大台全日 比例,0.6,勝率 > 60%,20200309,-3558.0,0.0,-3558.0,-3558.0,0.0,-3558.0
大台全日 比例,0.6,勝率 > 60%,20200312,4396.0,4396.0,0.0,838.0,4396.0,-3558.0
大台全日 比例,0.6,勝率 > 60%,20200313,20220.0,19666.0,554.0,21058.0,24062.0,-3004.0
大台全日 比例,0.6,勝率 > 60%,20200314,4300.0,2450.0,1850.0,25358.0,26512.0,-1154.0
大台全日 比例,0.6,勝率 > 60%,20200316,19404.0,11086.0,8318.0,44762.0,37598.0,7164.0
大台全日 比例,0.6,勝率 > 60%,20200317,22850.0,17632.0,5218.0,67612.0,55230.0,12382.0
大台全日 比例,0.6,勝率 > 60%,20200318,35528.0,36204.0,-676.0,103140.0,91434.0,11706.0
大台全日 比例,0.6,勝率 > 60%,20200319,29364.0,7618.0,21746.0,132504.0,99052.0,33452.0
大台全日 比例,0.6,勝率 > 60%,20200320,13471.0,10297.0,3174.0,145975.0,109349.0,36626.0
大台全日 比例,0.6,勝率 > 60%,20200321,1774.0,858.0,916.0,147749.0,110207.0,37542.0
大台全日 比例,0.6,勝率 > 60%,20200323,3108.0,7014.0,-3906.0,150857.0,117221.0,33636.0
大台全日 比例,0.6,勝率 > 60%,20200324,-80.0,860.0,-940.0,150777.0,118081.0,32696.0
大台全日 比例,0.6,勝率 > 60%,20200325,1454.0,0.0,1454.0,152231.0,118081.0,34150.0
大台全日 比例,0.6,勝率 > 60%,20200330,3768.0,0.0,3768.0,155999.0,118081.0,37918.0
大台全日 比例,0.6,勝率 > 60%,20200427,-2708.0,-2354.0,-354.0,153291.0,115727.0,37564.0
大台全日 比例,0.6,勝率 > 60%,20200728,4030.0,0.0,4030.0,157321.0,115727.0,41594.0
大台全日 比例,0.6,勝率 > 60%,20200820,-16367.0,0.0,-16367.0,140954.0,115727.0,25227.0
大台全日 比例,0.6,勝率 > 60%,20201125,1420.0,0.0,1420.0,142374.0,115727.0,26647.0
大台全日 比例,0.6,勝率 > 60%,20210118,-794.0,0.0,-794.0,141580.0,115727.0,25853.0
大台全日 比例,0.6,勝率 > 60%,20210510,-6816.0,0.0,-6816.0,134764.0,115727.0,19037.0
大台全日 比例,0.6,勝率 > 60%,20210512,54668.0,2028.0,52640.0,189432.0,117755.0,71677.0
大台全日 比例,0.6,勝率 > 60%,20210514,-2396.0,-2396.0,0.0,187036.0,115359.0,71677.0
大台全日 比例,0.6,勝率 > 60%,20210517,8224.0,9618.0,-1394.0,195260.0,124977.0,70283.0
大台全日 比例,0.6,勝率 > 60%,20210607,594.0,0.0,594.0,195854.0,124977.0,70877.0
大台全日 比例,0.6,勝率 > 60%,20210728,3192.0,3192.0,0.0,199046.0,128169.0,70877.0
大台全日 比例,0.6,勝率 > 60%,20220215,3187.0,0.0,3187.0,202233.0,128169.0,74064.0
大台全日 比例,0.6,勝率 > 60%,20220913,4612.0,0.0,4612.0,206845.0,128169.0,78676.0
大台全日 比例,0.6,勝率 > 60%,20220922,2415.0,0.0,2415.0,209260.0,128169.0,81091.0
大台全日 比例,0.6,勝率 > 60%,20221201,1212.0,0.0,1212.0,210472.0,128169.0,82303.0
大台全日 比例,0.6,勝率 > 60%,20221209,6812.0,0.0,6812.0,217284.0,128169.0,89115.0
大台全日 比例,0.6,勝率 > 60%,20221215,5412.0,0.0,5412.0,222696.0,128169.0,94527.0
大台全日 比例,0.6,勝率 > 60%,20230112,30436.0,0.0,30436.0,253132.0,128169.0,124963.0
大台全日 比例,0.6,勝率 > 60%,20240729,752.0,0.0,752.0,253884.0,128169.0,125715.0
大台全日 比例,0.6,勝率 > 60%,20240805,113206.0,82012.0,31194.0,367090.0,210181.0,156909.0
大台全日 比例,0.6,勝率 > 60%,20240806,11946.0,34312.0,-22366.0,379036.0,244493.0,134543.0
大台全日 比例,0.6,勝率 > 60%,20240807,5764.0,0.0,5764.0,384800.0,244493.0,140307.0
大台全日 比例,0.6,勝率 > 60%,20240808,164.0,0.0,164.0,384964.0,244493.0,140471.0
大台全日 比例,0.6,勝率 > 60%,20240814,13104.0,13104.0,0.0,398068.0,257597.0,140471.0
大台全日 比例,0.6,勝率 > 60%,20240904,2320.0,2320.0,0.0,400388.0,259917.0,140471.0
大台全日 比例,0.6,勝率 > 60%,20240906,762.0,0.0,762.0,401150.0,259917.0,141233.0
大台全日 比例,0.6,勝率 > 60%,20241106,1544.0,1544.0,0.0,402694.0,261461.0,141233.0
大台全日 比例,0.6,勝率 > 60%,20250311,-46.0,-46.0,0.0,402648.0,261415.0,141233.0
大台全日 比例,0.6,勝率 > 60%,20250403,32951.0,32951.0,0.0,435599.0,294366.0,141233.0
大台全日 比例,0.6,勝率 > 60%,20250407,333579.0,148333.0,185246.0,769178.0,442699.0,326479.0
大台全日 比例,0.6,勝率 > 60%,20250408,69200.0,56122.0,13078.0,838378.0,498821.0,339557.0
大台全日 比例,0.6,勝率 > 60%,20250409,100312.0,47887.0,52425.0,938690.0,546708.0,391982.0
大台全日 比例,0.6,勝率 > 60%,20250410,393919.0,298303.0,95616.0,1332609.0,845011.0,487598.0
大台全日 比例,0.6,勝率 > 60%,20250411,36734.0,18250.0,18484.0,1369343.0,863261.0,506082.0
大台全日 比例,0.6,勝率 > 60%,20250414,5544.0,0.0,5544.0,1374887.0,863261.0,511626.0
大台全日 比例,0.6,勝率 > 60%,20250415,374.0,0.0,374.0,1375261.0,863261.0,512000.0
大台全日 比例,0.6,勝率 > 60%,20250508,9464.0,9464.0,0.0,1384725.0,872725.0,512000.0
大台全日 比例,0.6,勝率 > 60%,20260303,-734.0,-734.0,0.0,1383991.0,871991.0,512000.0
大台全日 比例,0.6,勝率 > 60%,20260304,15462.0,0.0,15462.0,1399453.0,871991.0,527462.0
大台全日 比例,0.6,勝率 > 60%,20260309,6374.0,0.0,6374.0,1405827.0,871991.0,533836.0
大台全日 比例,0.6,勝率 > 60%,20260310,24928.0,0.0,24928.0,1430755.0,871991.0,558764.0
大台全日 比例,0.6,勝率 > 60%,20260311,1466.0,1466.0,0.0,1432221.0,873457.0,558764.0
大台全日 比例,0.6,勝率 > 60%,20260320,3264.0,3264.0,0.0,1435485.0,876721.0,558764.0
大台全日 比例,0.6,勝率 > 60%,20260323,-6358.0,-18418.0,12060.0,1429127.0,858303.0,570824.0
大台全日 比例,0.6,勝率 > 60%,20260327,14866.0,14866.0,0.0,1443993.0,873169.0,570824.0
大台全日 比例,0.6,勝率 > 60%,20260328,-530.0,-530.0,0.0,1443463.0,872639.0,570824.0
大台全日 比例,0.6,勝率 > 60%,20260402,27266.0,27266.0,0.0,1470729.0,899905.0,570824.0
大台全日 比例,0.6,勝率 > 60%,20260407,10064.0,0.0,10064.0,1480793.0,899905.0,580888.0
大台全日 比例,0.6,勝率 > 60%,20260423,1628.0,0.0,1628.0,1482421.0,899905.0,582516.0
大台全日 比例,0.6,勝率 > 60%,20260424,3850.0,1428.0,2422.0,1486271.0,901333.0,584938.0
大台全日 比例,0.6,勝率 > 60%,20260519,8008.0,8008.0,0.0,1494279.0,909341.0,584938.0
大台全日 比例,0.6,勝率 > 60%,20260527,6343.0,0.0,6343.0,1500622.0,909341.0,591281.0
大台全日 比例,0.6,勝率 > 60%,20260528,56096.0,0.0,56096.0,1556718.0,909341.0,647377.0
大台全日 比例,0.6,勝率 > 60%,20260601,2364.0,0.0,2364.0,1559082.0,909341.0,649741.0
大台全日 比例,0.6,勝率 > 60%,20260606,328742.0,262169.0,66573.0,1887824.0,1171510.0,716314.0
大台全日 比例,0.6,勝率 > 60%,20260608,-79890.0,10154.0,-90044.0,1807934.0,1181664.0,626270.0
大台全日 比例,0.6,勝率 > 60%,20260610,22841.0,14761.0,8080.0,1830775.0,1196425.0,634350.0
大台全日 比例,0.6,勝率 > 60%,20260611,-432.0,0.0,-432.0,1830343.0,1196425.0,633918.0
大台全日 比例,0.6,勝率 > 60%,20260612,64539.0,59379.0,5160.0,1894882.0,1255804.0,639078.0
大台全日 比例,0.6,勝率 > 60%,20260618,48882.0,-3042.0,51924.0,1943764.0,1252762.0,691002.0
大台全日 比例,0.6,勝率 > 60%,20260623,22680.0,0.0,22680.0,1966444.0,1252762.0,713682.0
大台全日 比例,0.6,勝率 > 60%,20260625,264.0,264.0,0.0,1966708.0,1253026.0,713682.0
大台全日 比例,0.6,勝率 > 60%,20260626,-4836.0,-4836.0,0.0,1961872.0,1248190.0,713682.0
大台全日 比例,0.7,勝率 > 70%,20200312,4396.0,4396.0,0.0,4396.0,4396.0,0.0
大台全日 比例,0.7,勝率 > 70%,20200313,20816.0,15964.0,4852.0,25212.0,20360.0,4852.0
大台全日 比例,0.7,勝率 > 70%,20200314,4300.0,2450.0,1850.0,29512.0,22810.0,6702.0
大台全日 比例,0.7,勝率 > 70%,20200316,13130.0,7924.0,5206.0,42642.0,30734.0,11908.0
大台全日 比例,0.7,勝率 > 70%,20200317,30206.0,29152.0,1054.0,72848.0,59886.0,12962.0
大台全日 比例,0.7,勝率 > 70%,20200318,35252.0,35944.0,-692.0,108100.0,95830.0,12270.0
大台全日 比例,0.7,勝率 > 70%,20200319,21332.0,3310.0,18022.0,129432.0,99140.0,30292.0
大台全日 比例,0.7,勝率 > 70%,20200320,12613.0,10297.0,2316.0,142045.0,109437.0,32608.0
大台全日 比例,0.7,勝率 > 70%,20200321,858.0,858.0,0.0,142903.0,110295.0,32608.0
大台全日 比例,0.7,勝率 > 70%,20200323,7072.0,1696.0,5376.0,149975.0,111991.0,37984.0
大台全日 比例,0.7,勝率 > 70%,20200324,-940.0,0.0,-940.0,149035.0,111991.0,37044.0
大台全日 比例,0.7,勝率 > 70%,20200325,1454.0,0.0,1454.0,150489.0,111991.0,38498.0
大台全日 比例,0.7,勝率 > 70%,20200330,3768.0,0.0,3768.0,154257.0,111991.0,42266.0
大台全日 比例,0.7,勝率 > 70%,20200427,-354.0,0.0,-354.0,153903.0,111991.0,41912.0
大台全日 比例,0.7,勝率 > 70%,20201125,1420.0,0.0,1420.0,155323.0,111991.0,43332.0
大台全日 比例,0.7,勝率 > 70%,20210510,-6816.0,0.0,-6816.0,148507.0,111991.0,36516.0
大台全日 比例,0.7,勝率 > 70%,20210512,41450.0,3620.0,37830.0,189957.0,115611.0,74346.0
大台全日 比例,0.7,勝率 > 70%,20210517,8224.0,9618.0,-1394.0,198181.0,125229.0,72952.0
大台全日 比例,0.7,勝率 > 70%,20210607,594.0,0.0,594.0,198775.0,125229.0,73546.0
大台全日 比例,0.7,勝率 > 70%,20210728,1396.0,1396.0,0.0,200171.0,126625.0,73546.0
大台全日 比例,0.7,勝率 > 70%,20220913,4612.0,0.0,4612.0,204783.0,126625.0,78158.0
大台全日 比例,0.7,勝率 > 70%,20221209,6812.0,0.0,6812.0,211595.0,126625.0,84970.0
大台全日 比例,0.7,勝率 > 70%,20221215,5412.0,0.0,5412.0,217007.0,126625.0,90382.0
大台全日 比例,0.7,勝率 > 70%,20230112,4412.0,0.0,4412.0,221419.0,126625.0,94794.0
大台全日 比例,0.7,勝率 > 70%,20240729,752.0,0.0,752.0,222171.0,126625.0,95546.0
大台全日 比例,0.7,勝率 > 70%,20240805,78581.0,63743.0,14838.0,300752.0,190368.0,110384.0
大台全日 比例,0.7,勝率 > 70%,20240806,66530.0,32342.0,34188.0,367282.0,222710.0,144572.0
大台全日 比例,0.7,勝率 > 70%,20240807,5764.0,0.0,5764.0,373046.0,222710.0,150336.0
大台全日 比例,0.7,勝率 > 70%,20240808,164.0,0.0,164.0,373210.0,222710.0,150500.0
大台全日 比例,0.7,勝率 > 70%,20240904,2320.0,2320.0,0.0,375530.0,225030.0,150500.0
大台全日 比例,0.7,勝率 > 70%,20241106,1544.0,1544.0,0.0,377074.0,226574.0,150500.0
大台全日 比例,0.7,勝率 > 70%,20250403,32951.0,32951.0,0.0,410025.0,259525.0,150500.0
大台全日 比例,0.7,勝率 > 70%,20250407,276583.0,123647.0,152936.0,686608.0,383172.0,303436.0
大台全日 比例,0.7,勝率 > 70%,20250408,61920.0,58140.0,3780.0,748528.0,441312.0,307216.0
大台全日 比例,0.7,勝率 > 70%,20250409,73417.0,35919.0,37498.0,821945.0,477231.0,344714.0
大台全日 比例,0.7,勝率 > 70%,20250410,413019.0,294567.0,118452.0,1234964.0,771798.0,463166.0
大台全日 比例,0.7,勝率 > 70%,20250411,32794.0,21890.0,10904.0,1267758.0,793688.0,474070.0
大台全日 比例,0.7,勝率 > 70%,20250414,5544.0,0.0,5544.0,1273302.0,793688.0,479614.0
大台全日 比例,0.7,勝率 > 70%,20250415,374.0,0.0,374.0,1273676.0,793688.0,479988.0
大台全日 比例,0.7,勝率 > 70%,20250508,2732.0,2732.0,0.0,1276408.0,796420.0,479988.0
大台全日 比例,0.7,勝率 > 70%,20260303,-734.0,-734.0,0.0,1275674.0,795686.0,479988.0
大台全日 比例,0.7,勝率 > 70%,20260309,8024.0,0.0,8024.0,1283698.0,795686.0,488012.0
大台全日 比例,0.7,勝率 > 70%,20260310,24928.0,0.0,24928.0,1308626.0,795686.0,512940.0
大台全日 比例,0.7,勝率 > 70%,20260311,1466.0,1466.0,0.0,1310092.0,797152.0,512940.0
大台全日 比例,0.7,勝率 > 70%,20260323,7922.0,-4138.0,12060.0,1318014.0,793014.0,525000.0
大台全日 比例,0.7,勝率 > 70%,20260327,14866.0,14866.0,0.0,1332880.0,807880.0,525000.0
大台全日 比例,0.7,勝率 > 70%,20260328,-530.0,-530.0,0.0,1332350.0,807350.0,525000.0
大台全日 比例,0.7,勝率 > 70%,20260402,27266.0,27266.0,0.0,1359616.0,834616.0,525000.0
大台全日 比例,0.7,勝率 > 70%,20260423,1628.0,0.0,1628.0,1361244.0,834616.0,526628.0
大台全日 比例,0.7,勝率 > 70%,20260424,1428.0,1428.0,0.0,1362672.0,836044.0,526628.0
大台全日 比例,0.7,勝率 > 70%,20260527,6343.0,0.0,6343.0,1369015.0,836044.0,532971.0
大台全日 比例,0.7,勝率 > 70%,20260528,56096.0,0.0,56096.0,1425111.0,836044.0,589067.0
大台全日 比例,0.7,勝率 > 70%,20260601,2364.0,0.0,2364.0,1427475.0,836044.0,591431.0
大台全日 比例,0.7,勝率 > 70%,20260606,328742.0,262169.0,66573.0,1756217.0,1098213.0,658004.0
大台全日 比例,0.7,勝率 > 70%,20260608,3554.0,10368.0,-6814.0,1759771.0,1108581.0,651190.0
大台全日 比例,0.7,勝率 > 70%,20260610,16947.0,14761.0,2186.0,1776718.0,1123342.0,653376.0
大台全日 比例,0.7,勝率 > 70%,20260611,5184.0,0.0,5184.0,1781902.0,1123342.0,658560.0
大台全日 比例,0.7,勝率 > 70%,20260612,59379.0,59379.0,0.0,1841281.0,1182721.0,658560.0
大台全日 比例,0.7,勝率 > 70%,20260618,51924.0,0.0,51924.0,1893205.0,1182721.0,710484.0
大台全日 比例,0.7,勝率 > 70%,20260623,21520.0,0.0,21520.0,1914725.0,1182721.0,732004.0
大台全日 比例,0.8,勝率 > 80%,20200312,2096.0,2096.0,0.0,2096.0,2096.0,0.0
大台全日 比例,0.8,勝率 > 80%,20200313,14146.0,14146.0,0.0,16242.0,16242.0,0.0
大台全日 比例,0.8,勝率 > 80%,20200314,1850.0,0.0,1850.0,18092.0,16242.0,1850.0
大台全日 比例,0.8,勝率 > 80%,20200316,7876.0,2670.0,5206.0,25968.0,18912.0,7056.0
大台全日 比例,0.8,勝率 > 80%,20200317,31582.0,30528.0,1054.0,57550.0,49440.0,8110.0
大台全日 比例,0.8,勝率 > 80%,20200318,33084.0,33830.0,-746.0,90634.0,83270.0,7364.0
大台全日 比例,0.8,勝率 > 80%,20200319,16836.0,2524.0,14312.0,107470.0,85794.0,21676.0
大台全日 比例,0.8,勝率 > 80%,20200320,5979.0,5979.0,0.0,113449.0,91773.0,21676.0
大台全日 比例,0.8,勝率 > 80%,20200321,858.0,858.0,0.0,114307.0,92631.0,21676.0
大台全日 比例,0.8,勝率 > 80%,20200323,11412.0,6036.0,5376.0,125719.0,98667.0,27052.0
大台全日 比例,0.8,勝率 > 80%,20200325,1454.0,0.0,1454.0,127173.0,98667.0,28506.0
大台全日 比例,0.8,勝率 > 80%,20200330,2456.0,0.0,2456.0,129629.0,98667.0,30962.0
大台全日 比例,0.8,勝率 > 80%,20201125,1420.0,0.0,1420.0,131049.0,98667.0,32382.0
大台全日 比例,0.8,勝率 > 80%,20210512,13018.0,1012.0,12006.0,144067.0,99679.0,44388.0
大台全日 比例,0.8,勝率 > 80%,20210517,7012.0,7012.0,0.0,151079.0,106691.0,44388.0
大台全日 比例,0.8,勝率 > 80%,20220913,4612.0,0.0,4612.0,155691.0,106691.0,49000.0
大台全日 比例,0.8,勝率 > 80%,20221209,6812.0,0.0,6812.0,162503.0,106691.0,55812.0
大台全日 比例,0.8,勝率 > 80%,20221215,5412.0,0.0,5412.0,167915.0,106691.0,61224.0
大台全日 比例,0.8,勝率 > 80%,20230112,4412.0,0.0,4412.0,172327.0,106691.0,65636.0
大台全日 比例,0.8,勝率 > 80%,20240805,49373.0,44247.0,5126.0,221700.0,150938.0,70762.0
大台全日 比例,0.8,勝率 > 80%,20240806,56792.0,26172.0,30620.0,278492.0,177110.0,101382.0
大台全日 比例,0.8,勝率 > 80%,20240904,2320.0,2320.0,0.0,280812.0,179430.0,101382.0
大台全日 比例,0.8,勝率 > 80%,20250403,32951.0,32951.0,0.0,313763.0,212381.0,101382.0
大台全日 比例,0.8,勝率 > 80%,20250407,252219.0,114665.0,137554.0,565982.0,327046.0,238936.0
大台全日 比例,0.8,勝率 > 80%,20250408,35960.0,35960.0,0.0,601942.0,363006.0,238936.0
大台全日 比例,0.8,勝率 > 80%,20250409,24102.0,10366.0,13736.0,626044.0,373372.0,252672.0
大台全日 比例,0.8,勝率 > 80%,20250410,415541.0,291813.0,123728.0,1041585.0,665185.0,376400.0
大台全日 比例,0.8,勝率 > 80%,20250411,39492.0,25552.0,13940.0,1081077.0,690737.0,390340.0
大台全日 比例,0.8,勝率 > 80%,20250414,5544.0,0.0,5544.0,1086621.0,690737.0,395884.0
大台全日 比例,0.8,勝率 > 80%,20250508,2732.0,2732.0,0.0,1089353.0,693469.0,395884.0
大台全日 比例,0.8,勝率 > 80%,20260310,24928.0,0.0,24928.0,1114281.0,693469.0,420812.0
大台全日 比例,0.8,勝率 > 80%,20260327,14866.0,14866.0,0.0,1129147.0,708335.0,420812.0
大台全日 比例,0.8,勝率 > 80%,20260402,27266.0,27266.0,0.0,1156413.0,735601.0,420812.0
大台全日 比例,0.8,勝率 > 80%,20260424,1428.0,1428.0,0.0,1157841.0,737029.0,420812.0
大台全日 比例,0.8,勝率 > 80%,20260528,25938.0,0.0,25938.0,1183779.0,737029.0,446750.0
大台全日 比例,0.8,勝率 > 80%,20260606,303566.0,236993.0,66573.0,1487345.0,974022.0,513323.0
大台全日 比例,0.8,勝率 > 80%,20260608,10368.0,10368.0,0.0,1497713.0,984390.0,513323.0
大台全日 比例,0.8,勝率 > 80%,20260610,14959.0,12773.0,2186.0,1512672.0,997163.0,515509.0
大台全日 比例,0.8,勝率 > 80%,20260611,5184.0,0.0,5184.0,1517856.0,997163.0,520693.0
大台全日 比例,0.8,勝率 > 80%,20260618,51924.0,0.0,51924.0,1569780.0,997163.0,572617.0
大台全日 比例,0.9,勝率 > 90%,20200312,2096.0,2096.0,0.0,2096.0,2096.0,0.0
大台全日 比例,0.9,勝率 > 90%,20200313,14146.0,14146.0,0.0,16242.0,16242.0,0.0
大台全日 比例,0.9,勝率 > 90%,20200314,1850.0,0.0,1850.0,18092.0,16242.0,1850.0
大台全日 比例,0.9,勝率 > 90%,20200316,7426.0,2220.0,5206.0,25518.0,18462.0,7056.0
大台全日 比例,0.9,勝率 > 90%,20200317,31582.0,30528.0,1054.0,57100.0,48990.0,8110.0
大台全日 比例,0.9,勝率 > 90%,20200318,33830.0,33830.0,0.0,90930.0,82820.0,8110.0
大台全日 比例,0.9,勝率 > 90%,20200319,16836.0,2524.0,14312.0,107766.0,85344.0,22422.0
大台全日 比例,0.9,勝率 > 90%,20200320,5979.0,5979.0,0.0,113745.0,91323.0,22422.0
大台全日 比例,0.9,勝率 > 90%,20200321,858.0,858.0,0.0,114603.0,92181.0,22422.0
大台全日 比例,0.9,勝率 > 90%,20200323,11412.0,6036.0,5376.0,126015.0,98217.0,27798.0
大台全日 比例,0.9,勝率 > 90%,20200325,1454.0,0.0,1454.0,127469.0,98217.0,29252.0
大台全日 比例,0.9,勝率 > 90%,20200330,2456.0,0.0,2456.0,129925.0,98217.0,31708.0
大台全日 比例,0.9,勝率 > 90%,20201125,1420.0,0.0,1420.0,131345.0,98217.0,33128.0
大台全日 比例,0.9,勝率 > 90%,20210512,13018.0,1012.0,12006.0,144363.0,99229.0,45134.0
大台全日 比例,0.9,勝率 > 90%,20210517,7012.0,7012.0,0.0,151375.0,106241.0,45134.0
大台全日 比例,0.9,勝率 > 90%,20220913,4612.0,0.0,4612.0,155987.0,106241.0,49746.0
大台全日 比例,0.9,勝率 > 90%,20221209,6812.0,0.0,6812.0,162799.0,106241.0,56558.0
大台全日 比例,0.9,勝率 > 90%,20230112,4412.0,0.0,4412.0,167211.0,106241.0,60970.0
大台全日 比例,0.9,勝率 > 90%,20240805,49373.0,44247.0,5126.0,216584.0,150488.0,66096.0
大台全日 比例,0.9,勝率 > 90%,20240806,56792.0,26172.0,30620.0,273376.0,176660.0,96716.0
大台全日 比例,0.9,勝率 > 90%,20240904,2320.0,2320.0,0.0,275696.0,178980.0,96716.0
大台全日 比例,0.9,勝率 > 90%,20250403,32951.0,32951.0,0.0,308647.0,211931.0,96716.0
大台全日 比例,0.9,勝率 > 90%,20250407,228854.0,97882.0,130972.0,537501.0,309813.0,227688.0
大台全日 比例,0.9,勝率 > 90%,20250408,35960.0,35960.0,0.0,573461.0,345773.0,227688.0
大台全日 比例,0.9,勝率 > 90%,20250409,23312.0,10366.0,12946.0,596773.0,356139.0,240634.0
大台全日 比例,0.9,勝率 > 90%,20250410,415541.0,291813.0,123728.0,1012314.0,647952.0,364362.0
大台全日 比例,0.9,勝率 > 90%,20250411,31912.0,25552.0,6360.0,1044226.0,673504.0,370722.0
大台全日 比例,0.9,勝率 > 90%,20250414,5544.0,0.0,5544.0,1049770.0,673504.0,376266.0
大台全日 比例,0.9,勝率 > 90%,20250508,2732.0,2732.0,0.0,1052502.0,676236.0,376266.0
大台全日 比例,0.9,勝率 > 90%,20260310,24928.0,0.0,24928.0,1077430.0,676236.0,401194.0
大台全日 比例,0.9,勝率 > 90%,20260327,14866.0,14866.0,0.0,1092296.0,691102.0,401194.0
大台全日 比例,0.9,勝率 > 90%,20260402,27266.0,27266.0,0.0,1119562.0,718368.0,401194.0
大台全日 比例,0.9,勝率 > 90%,20260424,1428.0,1428.0,0.0,1120990.0,719796.0,401194.0
大台全日 比例,0.9,勝率 > 90%,20260528,25938.0,0.0,25938.0,1146928.0,719796.0,427132.0
大台全日 比例,0.9,勝率 > 90%,20260606,303566.0,236993.0,66573.0,1450494.0,956789.0,493705.0
大台全日 比例,0.9,勝率 > 90%,20260608,10368.0,10368.0,0.0,1460862.0,967157.0,493705.0
大台全日 比例,0.9,勝率 > 90%,20260610,14959.0,12773.0,2186.0,1475821.0,979930.0,495891.0
大台全日 比例,0.9,勝率 > 90%,20260611,5184.0,0.0,5184.0,1481005.0,979930.0,501075.0
大台全日 比例,0.9,勝率 > 90%,20260618,51924.0,0.0,51924.0,1532929.0,979930.0,552999.0
大台全日 比例,1.0,勝率 = 100%,20200312,2096.0,2096.0,0.0,2096.0,2096.0,0.0
大台全日 比例,1.0,勝率 = 100%,20200313,14146.0,14146.0,0.0,16242.0,16242.0,0.0
大台全日 比例,1.0,勝率 = 100%,20200314,1850.0,0.0,1850.0,18092.0,16242.0,1850.0
大台全日 比例,1.0,勝率 = 100%,20200316,7426.0,2220.0,5206.0,25518.0,18462.0,7056.0
大台全日 比例,1.0,勝率 = 100%,20200317,31582.0,30528.0,1054.0,57100.0,48990.0,8110.0
大台全日 比例,1.0,勝率 = 100%,20200318,33830.0,33830.0,0.0,90930.0,82820.0,8110.0
大台全日 比例,1.0,勝率 = 100%,20200319,16836.0,2524.0,14312.0,107766.0,85344.0,22422.0
大台全日 比例,1.0,勝率 = 100%,20200320,5979.0,5979.0,0.0,113745.0,91323.0,22422.0
大台全日 比例,1.0,勝率 = 100%,20200321,858.0,858.0,0.0,114603.0,92181.0,22422.0
大台全日 比例,1.0,勝率 = 100%,20200323,11412.0,6036.0,5376.0,126015.0,98217.0,27798.0
大台全日 比例,1.0,勝率 = 100%,20200325,1454.0,0.0,1454.0,127469.0,98217.0,29252.0
大台全日 比例,1.0,勝率 = 100%,20200330,2456.0,0.0,2456.0,129925.0,98217.0,31708.0
大台全日 比例,1.0,勝率 = 100%,20201125,1420.0,0.0,1420.0,131345.0,98217.0,33128.0
大台全日 比例,1.0,勝率 = 100%,20210512,13018.0,1012.0,12006.0,144363.0,99229.0,45134.0
大台全日 比例,1.0,勝率 = 100%,20210517,7012.0,7012.0,0.0,151375.0,106241.0,45134.0
大台全日 比例,1.0,勝率 = 100%,20220913,4612.0,0.0,4612.0,155987.0,106241.0,49746.0
大台全日 比例,1.0,勝率 = 100%,20221209,6812.0,0.0,6812.0,162799.0,106241.0,56558.0
大台全日 比例,1.0,勝率 = 100%,20230112,4412.0,0.0,4412.0,167211.0,106241.0,60970.0
大台全日 比例,1.0,勝率 = 100%,20240805,49373.0,44247.0,5126.0,216584.0,150488.0,66096.0
大台全日 比例,1.0,勝率 = 100%,20240806,56792.0,26172.0,30620.0,273376.0,176660.0,96716.0
大台全日 比例,1.0,勝率 = 100%,20240904,2320.0,2320.0,0.0,275696.0,178980.0,96716.0
大台全日 比例,1.0,勝率 = 100%,20250403,32951.0,32951.0,0.0,308647.0,211931.0,96716.0
大台全日 比例,1.0,勝率 = 100%,20250407,228854.0,97882.0,130972.0,537501.0,309813.0,227688.0
大台全日 比例,1.0,勝率 = 100%,20250408,35960.0,35960.0,0.0,573461.0,345773.0,227688.0
大台全日 比例,1.0,勝率 = 100%,20250409,23312.0,10366.0,12946.0,596773.0,356139.0,240634.0
大台全日 比例,1.0,勝率 = 100%,20250410,415541.0,291813.0,123728.0,1012314.0,647952.0,364362.0
大台全日 比例,1.0,勝率 = 100%,20250411,31912.0,25552.0,6360.0,1044226.0,673504.0,370722.0
大台全日 比例,1.0,勝率 = 100%,20250414,5544.0,0.0,5544.0,1049770.0,673504.0,376266.0
大台全日 比例,1.0,勝率 = 100%,20250508,2732.0,2732.0,0.0,1052502.0,676236.0,376266.0
大台全日 比例,1.0,勝率 = 100%,20260310,24928.0,0.0,24928.0,1077430.0,676236.0,401194.0
大台全日 比例,1.0,勝率 = 100%,20260327,14866.0,14866.0,0.0,1092296.0,691102.0,401194.0
大台全日 比例,1.0,勝率 = 100%,20260402,27266.0,27266.0,0.0,1119562.0,718368.0,401194.0
大台全日 比例,1.0,勝率 = 100%,20260424,1428.0,1428.0,0.0,1120990.0,719796.0,401194.0
大台全日 比例,1.0,勝率 = 100%,20260528,25938.0,0.0,25938.0,1146928.0,719796.0,427132.0
大台全日 比例,1.0,勝率 = 100%,20260606,303566.0,236993.0,66573.0,1450494.0,956789.0,493705.0
大台全日 比例,1.0,勝率 = 100%,20260608,10368.0,10368.0,0.0,1460862.0,967157.0,493705.0
大台全日 比例,1.0,勝率 = 100%,20260610,14959.0,12773.0,2186.0,1475821.0,979930.0,495891.0
大台全日 比例,1.0,勝率 = 100%,20260611,5184.0,0.0,5184.0,1481005.0,979930.0,501075.0
大台全日 比例,1.0,勝率 = 100%,20260618,51924.0,0.0,51924.0,1532929.0,979930.0,552999.0
